stn,name,country,latitude,longitude,elevation
690020,DATSAV3VIRTSTATION(UNITEDSTATES),UNITEDSTATES,52.8,173.167,0
690070,FRITZSCHEAAF,UNITEDSTATES,36.683,-121.767,43
690140,ELTOROMCAS,UNITEDSTATES,33.676,-117.731,116.7
690150,TWENTYNINEPALMS,UNITEDSTATES,34.3,-116.167,626
690160,TUSTINMCAF,UNITEDSTATES,33.7,-117.833,18
690190,ABILENEDYESSAFB,UNITEDSTATES,32.433,-99.85,545
690230,WHIDBEYISLANDNAS,UNITEDSTATES,48.35,-122.65,14.3
690514,DATSAV3VIRTSTATION(UNITEDSTATES),UNITEDSTATES,52.8,173.167,0
691174,ABERDEENPVNGGRND,UNITEDSTATES,39.467,-76.167,18
691494,DATSAV3VIRTSTATION(UNITEDSTATES),UNITEDSTATES,52.8,173.167,0
691784,LAJES,UNITEDSTATES,38.767,-27.1,55
691810,TUZLA,UNITEDSTATES,44.533,18.717,0
697040,DATSAV3VIRTSTATION(UNITEDSTATES),UNITEDSTATES,52.8,173.167,0
697564,DATSAV3VIRTSTATION(UNITEDSTATES),UNITEDSTATES,52.8,173.167,0
698064,DATSAV3VIRTSTATION(UNITEDSTATES),UNITEDSTATES,52.8,173.167,0
699604,YUMAMCAS,UNITEDSTATES,32.65,-114.617,64.9
700001,PORTAGE,UNITEDSTATES,60.783,-148.833,29
700260,BARROWWPOST-WROGERSARPT,UNITEDSTATES,71.287,-156.763,4
700634,KUPARUKAIRPORT,UNITEDSTATES,70.317,-149.583,20
700637,DEADHORSE,UNITEDSTATES,70.192,-148.477,18.3
700860,BARTERISLAND(DEW),UNITEDSTATES,70.133,-143.633,11.9
701040,CAPELISBURNE(AWOS),UNITEDSTATES,68.883,-166.133,3
701043,POINTHOPE(AWOS),UNITEDSTATES,68.35,-166.8,4
701160,DATSAV3VIRTSTATION(UNITEDSTATES),UNITEDSTATES,52.8,173.167,0
701170,TINCITYAFS(AWOS),UNITEDSTATES,65.567,-167.917,83
701330,KOTZEBUERALPHWEINMEMORIAL,UNITEDSTATES,66.885,-162.597,4.9
701333,DEERING,UNITEDSTATES,66.083,-162.75,9
701486,NIVALINA,UNITEDSTATES,67.733,-164.55,3
701620,UMIAT,UNITEDSTATES,69.367,-152.133,81.1
701730,INDIANMTNAFSAWOS,UNITEDSTATES,66,-153.7,372
701740,BETTLESFIELD,UNITEDSTATES,66.916,-151.509,196
701780,TANANARALPHMCALHOUNMEMAP,UNITEDSTATES,65.174,-152.107,67.1
701940,FORTYUKON(AWOS),UNITEDSTATES,66.567,-145.267,135.6
702000,NOMEMUNICIPALARPT,UNITEDSTATES,64.513,-165.443,6.7
702031,MOSESPOINT,UNITEDSTATES,64.7,-162.05,6.1
702060,NORTHEASTCAPE,UNITEDSTATES,63.317,-168.967,9.1
702070,UNALAKLEET(AWOS),UNITEDSTATES,63.883,-160.8,4.6
702120,CAPEROMANZOFFAWOS,UNITEDSTATES,61.783,-166.033,123.1
702190,BETHELAIRPORT,UNITEDSTATES,60.786,-161.826,45.7
702220,GALENAA.,UNITEDSTATES,64.733,-156.933,49
702310,MCGRATHARPT,UNITEDSTATES,62.953,-155.603,103
702315,TATALINALRRS,UNITEDSTATES,62.883,-155.967,301
702350,SPARREVOHNAFS,UNITEDSTATES,61.1,-155.567,484
702490,PUNTILLA,UNITEDSTATES,62.1,-152.75,560
702510,TALKEETNASTATEARPT,UNITEDSTATES,62.322,-150.092,108.5
702590,KENAIMUNICIPALAP,UNITEDSTATES,60.58,-151.239,28
702600,NENANAMUNI(AMOS),UNITEDSTATES,64.55,-149.083,109.1
702610,FAIRBANKSINTLARPT,UNITEDSTATES,64.817,-147.855,138.4
702615,WAINWRIGHTAAF,UNITEDSTATES,64.833,-147.617,142
702640,SUMMITWSOAP,UNITEDSTATES,63.333,-149.133,734.3
702647,HEALYRIVERAIRPORT,UNITEDSTATES,63.883,-149.017,396
702650,FAIRBANKS/EIELSONA,UNITEDSTATES,64.65,-147.067,167
702670,BIGDELTAALLENAAF,UNITEDSTATES,63.995,-145.718,388.3
702700,FT.RICHARDSON/BRYA,UNITEDSTATES,61.267,-149.65,115
702710,GULKANAINTERMEDIATEFIELD,UNITEDSTATES,62.16,-145.458,481.3
702716,TAHNETAPASS,UNITEDSTATES,61.817,-147.55,900
702720,ANCHORAGE/ELMENDORF,UNITEDSTATES,61.25,-149.8,59
702725,LAKEHOODSEAPLANE,UNITEDSTATES,61.183,-149.967,22
702730,ANCHORAGEINTLAP,UNITEDSTATES,61.175,-149.993,40.2
702735,MERRILLFIELD,UNITEDSTATES,61.217,-149.85,42.1
702740,PALMERMUNICIPAL,UNITEDSTATES,61.6,-149.083,71
702750,VALDEZWSO,UNITEDSTATES,61.133,-146.35,11.3
702756,VALDEZPIONEERFIEL,UNITEDSTATES,61.133,-146.25,38
702757,WHITTIER,UNITEDSTATES,60.767,-148.683,9
702758,DEADHORSE,UNITEDSTATES,70.333,-150.933,5
702770,SEWARD,UNITEDSTATES,60.117,-149.45,18
702910,NORTHWAYAIRPORT,UNITEDSTATES,62.961,-141.946,524.6
702923,TANACROSS,UNITEDSTATES,63.383,-143.333,458.1
702960,CORDOVA,UNITEDSTATES,60.489,-145.451,14.6
702980,YAKATAGA(CAPE),UNITEDSTATES,60.083,-142.5,8.2
703050,CAPENEWENHAMAFS,UNITEDSTATES,58.65,-162.067,161
703080,STPAULISLANDARPT,UNITEDSTATES,57.163,-170.22,8.5
703160,COLDBAYARPT,UNITEDSTATES,55.207,-162.722,31.4
703165,SANDPOINT,UNITEDSTATES,55.317,-160.517,7
703210,DILLINGHAMMUNI,UNITEDSTATES,59.05,-158.517,29
703260,KINGSALMONARPT,UNITEDSTATES,58.684,-156.654,14.9
703263,KINGSALMON,UNITEDSTATES,58.683,-156.683,17
703330,PORTHEIDEN,UNITEDSTATES,56.95,-158.617,29
703400,ILIAMNAARPT,UNITEDSTATES,59.753,-154.915,48.8
703410,HOMERARPT,UNITEDSTATES,59.647,-151.477,22.3
703430,MIDDLETONISL.AMOS,UNITEDSTATES,59.433,-146.333,36.9
703500,KODIAKAIRPORT,UNITEDSTATES,57.75,-152.492,33.8
703600,CAPESAINTELIAS,UNITEDSTATES,59.8,-144.6,18
703604,HOMER,UNITEDSTATES,59.645,-151.478,26
703605,PLATINUM,UNITEDSTATES,59,-161.817,5
703610,YAKUTATSTATEARPT,UNITEDSTATES,59.51,-139.628,9.4
703620,SKAGWAYAIRPORT,UNITEDSTATES,59.46,-135.313,13.4
703625,HAINESBOATHARBOR,UNITEDSTATES,59.233,-135.433,10
703626,HAINES,UNITEDSTATES,59.245,-135.52,4.9
703650,CAPESPENCER,UNITEDSTATES,58.2,-136.633,27.1
703710,SITKAJAPONSKIAP,UNITEDSTATES,57.048,-135.36,20.4
703810,JUNEAUINT'LARPT,UNITEDSTATES,58.355,-134.575,7.3
703835,STGEORGEISLAND,UNITEDSTATES,56.35,-169.4,38
703860,PETERSBURG,UNITEDSTATES,56.817,-132.967,32.6
703870,WRANGELL,UNITEDSTATES,56.483,-132.367,13
703880,CAPEDECISION(AMOS),UNITEDSTATES,56,-134.133,14.9
703894,KLAWOCK,UNITEDSTATES,55.583,-133.083,15
703950,KETCHIKANINTLAP,UNITEDSTATES,55.357,-131.712,29.3
703980,ANNETTEISLANDAP,UNITEDSTATES,55.043,-131.57,33.5
704140,SHEMYAAFB,UNITEDSTATES,52.717,-174.1,31
704540,ADAK(NAS),UNITEDSTATES,51.883,-176.65,5.2
704545,AMCHITKAISLAND,UNITEDSTATES,51.383,179.267,69
704851,UMNAK(FORTGLEN),UNITEDSTATES,53.367,-167.9,39
704890,DUTCHHARBOR,UNITEDSTATES,53.9,-166.55,4
704896,PORTMOLLER,UNITEDSTATES,56,-160.517,321
720113,TROYAIRPORT,UNITEDSTATES,42.55,-83.183,222
720120,HILTONHEAD(AWS),UNITEDSTATES,32.232,-80.7,0
720137,MORRISAIRPORT,UNITEDSTATES,41.433,-88.417,178
720141,LACONAIRPORT,UNITEDSTATES,41.017,-89.383,173
720151,ALPINEAIRPORT,UNITEDSTATES,30.383,-103.683,1376
720170,METROPOLISMANICIPA,UNITEDSTATES,37.183,-88.75,117
720172,MENA,UNITEDSTATES,34.55,-93.583,214
720202,TILAMOOK(AWS),UNITEDSTATES,45.417,-123.817,11
720257,BLAKELY,UNITEDSTATES,31.4,-84.883,65
720258,MCGREGOR,UNITEDSTATES,46.617,-93.317,374
720259,FRANKLIN,UNITEDSTATES,35.217,-83.417,616
720261,BRIDGEPORTMUNI,UNITEDSTATES,33.167,-97.833,260
720262,KREMMLING,UNITEDSTATES,40.05,-106.367,2259
720265,ALEXANDERCITY,UNITEDSTATES,32.917,-85.967,209
720266,WARSAWMUNICIPAL,UNITEDSTATES,41.267,-85.833,259
720268,BAINBRIDGE,UNITEDSTATES,30.967,-84.633,43
720273,BAYCITY,UNITEDSTATES,28.967,-95.867,14
720274,WHITEVILLE,UNITEDSTATES,34.267,-78.717,30
720275,LAMBERTVILLE,UNITEDSTATES,41.733,-83.65,204
720277,SHELBY,UNITEDSTATES,35.25,-81.6,258
720278,EMPORIA-GREENSVILLE,UNITEDSTATES,36.683,-77.467,39
720279,ELIZABETHTOWN,UNITEDSTATES,34.6,-78.583,40
720281,VERNON,UNITEDSTATES,34.217,-99.283,386
720282,KILLDEVILHILLS,UNITEDSTATES,36.017,-75.667,4
720283,PRESTON,UNITEDSTATES,43.683,-92.183,389
720284,CHARLOTTE,UNITEDSTATES,42.567,-84.817,271
720286,GRANBURY,UNITEDSTATES,32.45,-97.817,237
720287,SHERMAN/DENNISON,UNITEDSTATES,33.717,-96.667,228
720288,OXFORD-HENDERSON,UNITEDSTATES,36.367,-78.533,161
720296,JASPER,UNITEDSTATES,30.883,-94.033,65
720298,JACKSONVILLE,UNITEDSTATES,31.867,-95.217,206
720299,MIDLOTHIAN/WAXAHATC,UNITEDSTATES,32.45,-96.917,217
720303,HEARNE,UNITEDSTATES,30.867,-96.617,87
720305,DECATUR,UNITEDSTATES,33.25,-97.583,319
720306,LEE`SSUMMIT,UNITEDSTATES,38.967,-94.367,306
720307,HUNTSVILLE,UNITEDSTATES,34.867,-86.55,230
720308,OMAHA/MILLARD,UNITEDSTATES,41.2,-96.117,320
720309,MTPLEASANT,UNITEDSTATES,40.95,-91.517,224
720313,PAMPA,UNITEDSTATES,35.617,-105.983,989
720314,PALESTINE,UNITEDSTATES,31.783,-95.7,129
720317,STAFFORD,UNITEDSTATES,38.4,-77.45,65
720318,GRAHAM,UNITEDSTATES,33.1,-98.55,342
720319,ROBINSON,UNITEDSTATES,39.017,-87.65,141
720320,CELBURNE,UNITEDSTATES,32.35,-97.433,260
720321,CHEBOYGAN,UNITEDSTATES,45.65,-84.517,195
720322,SANDPOINT,UNITEDSTATES,48.3,-116.55,648
720327,MENOMONIEAFLD,UNITEDSTATES,44.883,-91.867,273
720330,MOUNTCARMEL,UNITEDSTATES,38.6,-87.717,131
720340,FRANKFORTDOWMEMOR,UNITEDSTATES,44.617,-86.2,193
720343,WAUPACAMUNICIPAL,UNITEDSTATES,44.333,-89.017,252
720344,CHEROKEEMUNICIPAL,UNITEDSTATES,42.733,-95.55,374
720345,PINEDALE,UNITEDSTATES,42.783,-109.8,2160
720347,GREENECOUNTYRGNL,UNITEDSTATES,33.6,-83.133,206
720348,BALDWINCOUNTYAP,UNITEDSTATES,33.15,-83.233,117
720351,OSKALOOSAMUNI,UNITEDSTATES,41.233,-92.483,256
720354,ALTUS,UNITEDSTATES,34.7,-99.333,437
720356,CLINTONMUNI,UNITEDSTATES,35.533,-98.933,492
720357,CUSHINGMUNI,UNITEDSTATES,35.95,-96.767,279
720358,ELRENOMUNI,UNITEDSTATES,35.467,-98,432
720359,SEMINOLEMUNI,UNITEDSTATES,35.267,-96.683,312
720366,SUTTONBRAXTONCO,UNITEDSTATES,38.733,-80.65,387
720367,PAYNESVILLEMUNI,UNITEDSTATES,45.367,-94.75,360
720368,SLAYTONMUNI,UNITEDSTATES,43.983,-95.783,495
720369,DIGGS/REEDMUNI,UNITEDSTATES,43.75,-111.1,1898
720371,THREERIVERSMUNI,UNITEDSTATES,41.967,-85.6,251
720376,ALBERTVILLEMUNI,UNITEDSTATES,34.217,-86.25,315
720381,JACKEDWARDS,UNITEDSTATES,30.283,-87.667,5
720391,BEEVILLEMUNI,UNITEDSTATES,28.35,-97.717,82
720392,HOMERVILLE,UNITEDSTATES,31.05,-82.767,56
720393,HEREFORDMUNI,UNITEDSTATES,34.85,-102.333,1153
720397,OHIOUNIVERSITYSNY,UNITEDSTATES,39.217,-82.233,233
720398,WAUTOMAMUNI,UNITEDSTATES,44.033,-89.3,261
720404,DATSAV3VIRTSTATION(UNITEDSTATES),UNITEDSTATES,52.8,173.167,0
720408,DATSAV3VIRTSTATION(UNITEDSTATES),UNITEDSTATES,52.8,173.167,0
722003,STANTON,UNITEDSTATES,44.467,-93.017,280
722006,LUVERNE,UNITEDSTATES,43.617,-96.217,436
722007,CAROTUSCOLAAIRPORT,UNITEDSTATES,43.45,-83.45,214
722010,KEYWESTINTLARPT,UNITEDSTATES,24.553,-81.754,6.4
722011,ORLANDO/KISSIMMEE,UNITEDSTATES,28.283,-81.433,25
722012,THEVILLAGES,UNITEDSTATES,28.95,-81.85,27
722014,BROOKSVILLE,UNITEDSTATES,28.467,-82.45,23
722015,KEYWESTNAS,UNITEDSTATES,24.583,-81.683,7.3
722016,MARATHONAIRPORT,UNITEDSTATES,24.733,-81.05,2
722020,MIAMIINTLAP,UNITEDSTATES,25.824,-80.3,9.1
722022,BOCARATON,UNITEDSTATES,26.367,-80.1,4
722024,MIAMI/OPALOCKA,UNITEDSTATES,25.9,-80.283,3
722025,FORTLAUDERDALEHOLLYWOODINT,UNITEDSTATES,26.072,-80.154,3.4
722026,HOMESTEADAFB,UNITEDSTATES,25.483,-80.383,4.9
722029,MIAMI/KENDALL-TAMIA,UNITEDSTATES,25.65,-80.433,3
722030,WESTPALMBEACHINTLARPT,UNITEDSTATES,26.685,-80.099,6.4
722031,FOLSOMFLD,UNITEDSTATES,34.267,-86.85,294
722032,WASECAAIRPORT,UNITEDSTATES,44.067,-93.55,343
722033,GRANITEFALLS,UNITEDSTATES,44.75,-95.55,319
722034,PUNTAGORDA,UNITEDSTATES,26.917,-82,7
722037,HOLLYWOOD/N.PERRY,UNITEDSTATES,26,-80.233,2
722038,NAPLESMUNICIPAL,UNITEDSTATES,26.15,-81.767,3
722039,FORTLAUDERDALE,UNITEDSTATES,26.2,-80.167,4
722040,MELBOURNEREGIONAL,UNITEDSTATES,28.1,-80.65,10.7
722041,GALLIANO/LAFOURCHE,UNITEDSTATES,29.45,-90.267,0
722042,MINEOLA/QUITMAN,UNITEDSTATES,32.732,-95.5,132
722044,ADA,UNITEDSTATES,34.8,-96.667,310
722045,VEROBEACHMUNICIPALARPT,UNITEDSTATES,27.656,-80.418,8.5
722049,POMPANOBEACH,UNITEDSTATES,26.233,-80.1,6
722050,ORLANDOINTLARPT,UNITEDSTATES,28.434,-81.325,32.3
722051,ATOKA,UNITEDSTATES,34.4,-96.15,180
722052,ALVA,UNITEDSTATES,36.767,-98.667,449
722053,ORLANDO/HERNDON,UNITEDSTATES,28.55,-81.333,32.9
722054,WESTMEMPHISAIRPORT,UNITEDSTATES,35.133,-90.233,65
722055,OCALAMUNI(AWOS),UNITEDSTATES,29.167,-82.217,27
722056,DAYTONABEACHINTLAP,UNITEDSTATES,29.177,-81.06,12.5
722057,SANFORD/ORLANDO,UNITEDSTATES,28.783,-81.233,16.8
722059,BURLINGTONAIRPORT,UNITEDSTATES,42.683,-88.3,237
722060,JACKSONVILLEINTLARPT,UNITEDSTATES,30.494,-81.693,9.8
722064,PORTRICHEY(ASOS),UNITEDSTATES,28.35,-82.617,12
722065,JACKSONVILLENAS,UNITEDSTATES,30.233,-81.683,6.7
722066,MAYPORTNS,UNITEDSTATES,30.4,-81.417,4.3
722067,CECILFIELD,UNITEDSTATES,30.217,-81.867,27.1
722068,JACKSONVILLE/CRAIG,UNITEDSTATES,30.333,-81.517,12
722069,DESTINFT.WALTON,UNITEDSTATES,30.4,-86.467,7
722070,SAVANNAHINTLAP,UNITEDSTATES,32.119,-81.202,15.5
722071,CHICKASHA,UNITEDSTATES,35.1,-97.967,351
722072,CLARKSVILLE,UNITEDSTATES,36.617,-87.417,165
722073,CLINTON,UNITEDSTATES,34.983,-78.367,45
722074,CARMIMUNICIPAL,UNITEDSTATES,38.083,-88.117,118
722075,DEKALB/AIRPORT,UNITEDSTATES,41.933,-88.7,279
722076,DANVILLE,UNITEDSTATES,40.2,-87.6,212
722078,DUNCAN,UNITEDSTATES,34.467,-97.967,339
722079,LEXINGTON/DAVIDSON,UNITEDSTATES,35.783,-80.3,223
722080,CHARLESTONINTLARPT,UNITEDSTATES,32.899,-80.041,14.6
722081,FREDERICKAIRPORT,UNITEDSTATES,39.417,-77.367,92
722082,FREEPORTAIRPORT,UNITEDSTATES,42.25,-89.583,262
722085,BEAUFORTMCAS,UNITEDSTATES,32.483,-80.717,11.6
722086,CHARLESTONNEXRAD,UNITEDSTATES,32.667,-81.033,2.1
722089,GALESBURGAIRPORT,UNITEDSTATES,40.933,-90.433,233
722090,FTSTEWART/WRIGHT,UNITEDSTATES,31.883,-81.567,14
722091,CLAREMORE,UNITEDSTATES,36.3,-95.483,221
722092,GROVE,UNITEDSTATES,36.6,-94.733,254
722093,GRAYLINGAAF,UNITEDSTATES,44.683,-84.733,353
722094,GRANDPRAIRIE,UNITEDSTATES,32.7,-97.05,180
722095,GUYMON,UNITEDSTATES,36.683,-101.5,952
722096,HENDERSONEXECUTIVE,UNITEDSTATES,35.967,-115.133,749
722101,PAGOSASPRINGS/WO,UNITEDSTATES,37.45,-106.8,3584
722103,STLUCIECOINTL,UNITEDSTATES,27.483,-80.367,7
722104,SAINTPETERSBURG,UNITEDSTATES,27.767,-82.617,2.4
722106,FORTMYERSPAGEFIELD,UNITEDSTATES,26.586,-81.864,5.5
722107,SEMINOLEGAINESCOU,UNITEDSTATES,32.667,-102.65,1010
722108,SOUTHWESTFLORIDAI,UNITEDSTATES,26.533,-81.75,9
722109,CANTON/CHEROKEECOU,UNITEDSTATES,34.3,-84.417,372
722110,TAMPAINTERNATIONALAP,UNITEDSTATES,27.961,-82.54,3.4
722111,FTPAYNEISBELLAIR,UNITEDSTATES,34.467,-85.717,267
722112,GILMERFOXSTEPHENS,UNITEDSTATES,32.7,-94.95,127
722113,GIDDINGSLEEAIRPOR,UNITEDSTATES,30.167,-96.967,148
722114,BUFFALOMUNICIPAL,UNITEDSTATES,45.15,-93.833,295
722115,SARASOTABRADENTON,UNITEDSTATES,27.383,-82.55,10
722116,STPETERSBURGCLEAR,UNITEDSTATES,27.9,-82.683,3
722119,LAKELANDLINDERRGN,UNITEDSTATES,27.983,-82.017,44
722122,SNYDERAIRPORT,UNITEDSTATES,32.7,-100.95,741
722124,HEBRONMUNICIPAL,UNITEDSTATES,40.15,-97.583,447
722125,SAGINAW,UNITEDSTATES,43.433,-83.867,183
722127,GREATERKANKAKEE,UNITEDSTATES,41.067,-87.833,197
722129,MOORHEAD,UNITEDSTATES,46.833,-96.667,280
722130,WAYCROSS/WARECO.,UNITEDSTATES,31.25,-82.4,42.7
722132,CONCORDRGNL,UNITEDSTATES,35.383,-80.7,216
722133,SALLISAW,UNITEDSTATES,35.433,-94.8,161
722135,ALMABACONCOUNTYAP,UNITEDSTATES,31.536,-82.507,62.8
722136,BRUNSWICKGOLDENIS,UNITEDSTATES,31.25,-81.467,8
722137,BRUNSWICKMALCOLMMCKINNONAP,UNITEDSTATES,31.252,-81.391,7.3
722138,BAYSAINTLOUIS,UNITEDSTATES,30.367,-89.45,7
722140,TALLAHASSEEREGIONALAP,UNITEDSTATES,30.393,-84.353,20.7
722141,LOUISBURG,UNITEDSTATES,36.017,-78.333,113
722142,CHALLIS,UNITEDSTATES,44.517,-114.217,1546
722143,LANCASTER,UNITEDSTATES,32.583,-96.717,153
722144,MAPLELAKE,UNITEDSTATES,45.233,-93.983,313
722145,HARBORSPRINGS,UNITEDSTATES,45.417,-84.9,209
722146,GAINESVILLEREGIONALAP,UNITEDSTATES,29.69,-82.272,50.3
722147,MOULTRIE/THOMASVILL,UNITEDSTATES,31.083,-83.8,90
722149,PERUAIRPORT,UNITEDSTATES,41.35,-89.15,199
722151,WESTERLY,UNITEDSTATES,41.35,-71.8,24
722152,WESTWOODWARD,UNITEDSTATES,36.433,-99.533,667
722154,DALTON,UNITEDSTATES,34.717,-84.867,216
722155,ELBERTMOUNTAIN,UNITEDSTATES,39.217,-104.633,2152
722156,CARTERSVILLEAIRPRT,UNITEDSTATES,34.117,-84.833,229
722157,MACOMBAIRPORT,UNITEDSTATES,40.517,-90.65,216
722158,ANNAPOLIS(USN),UNITEDSTATES,38.983,-76.483,2
722159,WESLACOMIDVALLEY,UNITEDSTATES,26.167,-97.967,21
722160,ALBANYMUNICIPAL,UNITEDSTATES,31.533,-84.183,57.9
722164,OKMULGEE,UNITEDSTATES,35.667,-95.95,220
722165,OLIVEBRANCH,UNITEDSTATES,34.983,-89.783,122
722166,VALDOSTAREGIONAL,UNITEDSTATES,30.783,-83.283,61
722167,ORANGE,UNITEDSTATES,38.25,-78.05,142
722168,OLIVIA,UNITEDSTATES,44.783,-95.033,328
722170,MACONMIDDLEGAREGIONALAP,UNITEDSTATES,32.688,-83.654,110.3
722171,PONTIACAIRPORT,UNITEDSTATES,40.917,-88.633,201
722172,PARISAIRPORT,UNITEDSTATES,39.7,-87.667,199
722174,PLAINVIEW/HALECO,UNITEDSTATES,34.167,-101.717,1028
722175,WARNERROBINSAFB,UNITEDSTATES,32.633,-83.6,92
722177,ANDREWSAIRPORT,UNITEDSTATES,35.2,-83.867,518
722178,POTEAU,UNITEDSTATES,35.017,-94.617,138
722179,NEWRICHMOND,UNITEDSTATES,45.15,-92.533,304
722180,AUGUSTABUSHFIELD,UNITEDSTATES,33.37,-81.965,45.1
722181,AUGUSTA/DANIELFLD,UNITEDSTATES,33.467,-82.033,128
722182,ROCHELLEAIRPORT,UNITEDSTATES,41.9,-89.083,238
722183,SIREN,UNITEDSTATES,45.817,-92.367,301
722185,GAINESVILLE/LEEGIL,UNITEDSTATES,34.267,-83.833,389
722186,BEAVERISLANDAIR,UNITEDSTATES,45.7,-85.567,204
722187,SHAWNEE,UNITEDSTATES,35.35,-96.95,327
722188,SEARCY,UNITEDSTATES,35.217,-91.733,81
722189,STUARTWITHAM,UNITEDSTATES,27.183,-80.217,6
722190,ATLANTAHARTSFIELDINTLAP,UNITEDSTATES,33.64,-84.427,312.7
722191,BRUNSWICKCNTYARPT,UNITEDSTATES,33.933,-78.067,8
722194,RANTOUL/FRANKELL,UNITEDSTATES,40.3,-88.15,225
722195,FULTONCOARPTBROW,UNITEDSTATES,33.767,-84.517,263
722196,DEKALBPEACHTREE,UNITEDSTATES,33.867,-84.3,313
722197,ATLANTA(NEXRAD),UNITEDSTATES,33.367,-84.55,296
722198,BOONEWATAUGA,UNITEDSTATES,36.2,-81.65,959
722199,TAHLEQUAH,UNITEDSTATES,35.933,-95,266
722200,APALACHICOLAMUNI,UNITEDSTATES,29.733,-85.033,6.1
722201,SANFORD,UNITEDSTATES,35.583,-79.1,75
722202,GARNERFLD,UNITEDSTATES,29.217,-99.75,294
722204,SAVANNATRITOWNSHI,UNITEDSTATES,42.05,-90.1,188
722209,PORTLAVACACALHOUN,UNITEDSTATES,28.65,-96.667,9
722210,EGLINAFB/VALPARAIS,UNITEDSTATES,30.483,-86.533,20.1
722211,THEDFORDTHOMASCOU,UNITEDSTATES,41.967,-100.567,892
722212,STAUGSUTINEARPT,UNITEDSTATES,29.967,-81.333,3
722213,LEESBURGMUNIARPT,UNITEDSTATES,28.817,-81.8,125
722214,DUMASMOORECOUNTY,UNITEDSTATES,35.85,-102.017,1129
722215,CRESTVIEWBOBSIKESAP,UNITEDSTATES,30.78,-86.523,56.4
722220,PENSACOLAREGIONALAP,UNITEDSTATES,30.467,-87.2,34.1
722221,PENSACOLAREGIONALAP,UNITEDSTATES,30.473,-87.188,36
722223,PENSACOLAREGIONALAP,UNITEDSTATES,30.473,-87.188,36
722225,PENSACOLAFORESTSHERMANNAS,UNITEDSTATES,30.35,-87.317,9.1
722226,WHITINGFIELDNAAS,UNITEDSTATES,30.724,-87.022,61
722230,MOBILEREGIONALAP,UNITEDSTATES,30.688,-88.246,67.4
722235,MOBILEDOWNTOWN,UNITEDSTATES,30.633,-88.067,7.9
722241,WAYNEMUNIAIRPORT,UNITEDSTATES,42.233,-96.983,436
722243,ROCKINGHAMHAMLET,UNITEDSTATES,34.883,-79.75,109
722245,PANAMACITYBAYCO,UNITEDSTATES,30.2,-85.683,6
722246,DUKEFLD/EGLINAUX,UNITEDSTATES,30.65,-86.517,57.9
722247,SOMERSET,UNITEDSTATES,40.633,-74.667,32
722249,HOOKFLDMUNI,UNITEDSTATES,39.533,-84.4,198
722250,FORTBENNING,UNITEDSTATES,32.333,-85,88.1
722251,RUSTONRGNL,UNITEDSTATES,32.517,-92.583,95
722252,MYERSFIELD,UNITEDSTATES,44.733,-96.267,364
722255,COLUMBUSMETROPOLITANARPT,UNITEDSTATES,32.516,-84.942,120.1
722256,GEORGEHARLOWFLD,UNITEDSTATES,42.1,-70.667,3
722260,MONTGOMERYDANNELLYFIELD,UNITEDSTATES,32.301,-86.394,61.6
722261,OKEECHOBEE,UNITEDSTATES,27.267,-80.85,10
722265,MAXWELLAFB/MONTGOM,UNITEDSTATES,32.383,-86.367,53
722266,CRAIGAFB,UNITEDSTATES,32.333,-86.983,50
722267,TROYMUNICIPAL,UNITEDSTATES,31.867,-86.017,120.1
722268,DOTHANMUNICIPAL,UNITEDSTATES,31.317,-85.45,97.8
722269,CAIRNSAAF/OZARK,UNITEDSTATES,31.283,-85.717,91.1
722270,DOBBINSAFB/MARIETT,UNITEDSTATES,33.917,-84.517,330.1
722275,ANDALUSIA/OPPARPT,UNITEDSTATES,31.317,-86.4,94
722276,EVERGREEN,UNITEDSTATES,31.417,-87.033,78
722279,DECATUR,UNITEDSTATES,34.65,-86.95,180
722280,BIRMINGHAMMUNICIPALAP,UNITEDSTATES,33.564,-86.754,192
722284,AUBURN-OPELIKAAPT,UNITEDSTATES,32.616,-85.433,236
722285,GADSENMUNI(AWOS),UNITEDSTATES,33.967,-86.083,173
722286,TUSCALOOSAMUNI,UNITEDSTATES,33.217,-87.617,51.2
722287,ANNISTONMETROPOLITANAP,UNITEDSTATES,33.588,-85.858,182.9
722290,DATSAV3VIRTSTATION(UNITEDSTATES),UNITEDSTATES,52.8,173.167,0
722291,PLATTSMOUTHMUNI,UNITEDSTATES,40.95,-95.917,366
722300,SHELBYCOARPT,UNITEDSTATES,33.167,-86.767,178
722310,NEWORLEANSINTLARPT,UNITEDSTATES,29.993,-90.251,6.1
722314,NEWIBERIA/ACADIANA,UNITEDSTATES,30.033,-91.883,7.9
722315,NEWORLEANS/LAKEFRO,UNITEDSTATES,30.05,-90.033,2.7
722316,NEWORLEANSALVINCALLENDERF,UNITEDSTATES,29.833,-90.033,0.3
722317,BATONROUGERYANARPT,UNITEDSTATES,30.537,-91.147,23.2
722319,NATCHITOCHES,UNITEDSTATES,31.733,-93.1,37
722320,BOOTHVILLEWSCMOCIT,UNITEDSTATES,29.35,-89.408,0.3
722324,MIDLANDAIRPARK,UNITEDSTATES,32.033,-102.1,854
722332,TOMAHAWK,UNITEDSTATES,45.467,-89.8,453
722334,DERIDDER,UNITEDSTATES,30.833,-93.333,63
722338,HEBBRONVILLE,UNITEDSTATES,27.333,-98.733,202
722340,MERIDIANKEYFIELD,UNITEDSTATES,32.333,-88.751,94.5
722342,TRACY,UNITEDSTATES,44.25,-95.6,408
722343,SOUTHHAVEN,UNITEDSTATES,42.35,-86.25,203
722345,MERIDIANNAAS,UNITEDSTATES,32.55,-88.567,96.6
722346,OWOSSO,UNITEDSTATES,42.983,-84,224
722347,HATTIESBURGMUNI,UNITEDSTATES,31.267,-89.25,46
722348,HATTIESBURGLAUREL,UNITEDSTATES,31.467,-89.333,93
722350,JACKSONINTERNATIONALAP,UNITEDSTATES,32.32,-90.078,100.9
722351,WHARTON,UNITEDSTATES,29.25,-96.117,31
722354,HAWKINSFIELD,UNITEDSTATES,32.333,-90.217,104
722356,GREENVILLEMUNI,UNITEDSTATES,33.483,-90.983,42.1
722357,NATCHEZ/HARDY(AWOS),UNITEDSTATES,31.617,-91.3,83
722358,MCCOMBPIKECOUNTYAP,UNITEDSTATES,31.178,-90.472,128.6
722359,GREENWOODLEFLOREARPT,UNITEDSTATES,33.496,-90.084,40.5
722361,NEWSMYRNABEACH,UNITEDSTATES,29.05,-80.95,3
722362,SUPLHURSPRINGS,UNITEDSTATES,33.167,-95.617,149
722363,ROCKSPRINGAIRPORT,UNITEDSTATES,29.95,-100.167,723
722364,TUNICA,UNITEDSTATES,34.683,-90.333,59
722366,SLIDELL,UNITEDSTATES,30.35,-89.817,8
722369,DATSAV3VIRTSTATION(UNITEDSTATES),UNITEDSTATES,52.8,173.167,0
722390,FORTPOLK(ARMY),UNITEDSTATES,31.05,-93.2,102.1
722400,LAKECHARLESREGIONALARPT,UNITEDSTATES,30.125,-93.228,2.7
722404,CHENAULTAIRPARK,UNITEDSTATES,30.217,-93.15,4.9
722405,LAFAYETTEREGIONALAP,UNITEDSTATES,30.205,-91.988,12.8
722406,HOUMA-TERREBONNE,UNITEDSTATES,29.567,-90.667,3
722408,INTRACOASTALCITY,UNITEDSTATES,29.783,-92.133,5
722410,PORTARTHURJEFFERSONCOUNTY,UNITEDSTATES,29.951,-94.021,4.9
722416,NEWBRAUNFELS,UNITEDSTATES,29.717,-98.05,197
722420,GALVESTON/SCHOLES,UNITEDSTATES,29.3,-94.8,16
722422,GALVESTONMUNICIPALAP,UNITEDSTATES,29.267,-94.867,2
722423,GALVESTON/SCHOLES,UNITEDSTATES,29.267,-94.867,2
722427,HOUSTON/CLOVERFLD,UNITEDSTATES,29.517,-95.233,13
722429,HOUSTON/D.W.HOOKS,UNITEDSTATES,30.067,-95.55,46
722430,HOUSTONBUSHINTERCONTINENTAL,UNITEDSTATES,29.993,-95.364,32
722435,HOUSTONWILLIAMPHOBBYAP,UNITEDSTATES,29.645,-95.279,14.3
722436,HOUSTON/ELLINGTON,UNITEDSTATES,29.6,-95.167,11.9
722444,MONTGOMERYCO,UNITEDSTATES,30.35,-95.417,77
722445,COLLEGESTATIONEASTERWOODFL,UNITEDSTATES,30.588,-96.364,100
722446,LUFKINANGELINACO,UNITEDSTATES,31.234,-94.75,96.3
722447,HUNTSVILLE,UNITEDSTATES,30.733,-95.583,111
722448,TYLER/POUNDSFLD,UNITEDSTATES,32.35,-95.4,166
722469,CORSICANA,UNITEDSTATES,32.033,-96.4,136
722470,LONGVIEW/GREGGCO.,UNITEDSTATES,32.35,-94.65,124
722479,ARLINGTON,UNITEDSTATES,32.667,-97.1,192
722480,SHREVEPORTREGIONALARPT,UNITEDSTATES,32.447,-93.824,78.9
722484,SHREVEPORTDOWNTOWN,UNITEDSTATES,32.533,-93.75,55
722485,BARKSDALEAFB,UNITEDSTATES,32.5,-93.667,53.9
722486,MONROEREGIONALAP,UNITEDSTATES,32.511,-92.038,24.7
722487,ALEXANDRIAESLERREGIONALAP,UNITEDSTATES,31.395,-92.296,36
722488,VICKSBURG/TALLULAH,UNITEDSTATES,32.25,-91.033,23
722489,TERRELL,UNITEDSTATES,32.717,-96.267,144
722499,NACOGDOCHES(AWOS),UNITEDSTATES,31.583,-94.717,108
722500,BROWNSVILLESPADREISLINTL,UNITEDSTATES,25.906,-97.426,6.7
722505,HARLINGENINTLARPT,UNITEDSTATES,26.233,-97.65,10.4
722506,MCALLENMILLERINTLAP,UNITEDSTATES,26.175,-98.238,34.1
722510,CORPUSCHRISTIINTLARPT,UNITEDSTATES,27.773,-97.513,13.4
722515,CORPUSCHRISTINAS,UNITEDSTATES,27.7,-97.283,5.8
722516,KINGSVILLE,UNITEDSTATES,27.5,-97.817,17.7
722517,ALICEINTLAIRPORT,UNITEDSTATES,27.733,-98.033,52.7
722520,LAREDOINTLAIRPORT,UNITEDSTATES,27.55,-99.467,155
722523,SANANTONIO/STINSON,UNITEDSTATES,29.333,-98.467,176
722524,ROCKPORT/ARANSASCO,UNITEDSTATES,28.083,-97.05,8
722525,LAREDOINTLAP,UNITEDSTATES,27.617,-99.517,154
722526,COTULLAMUNICIPAL,UNITEDSTATES,28.45,-99.217,141.1
722527,ANGLETON/LAKEJACKS,UNITEDSTATES,29.117,-95.467,8
722530,SANANTONIOINTLAP,UNITEDSTATES,29.533,-98.464,246.6
722533,HONDOMUNICIPALAP,UNITEDSTATES,29.359,-99.174,283.5
722535,KELLYAFB,UNITEDSTATES,29.383,-98.583,207.9
722536,RANDOLPHAFB,UNITEDSTATES,29.533,-98.283,231.6
722537,KERRVILLEMUNICIPAL,UNITEDSTATES,29.983,-99.083,493
722539,SANMARCOSMUNI,UNITEDSTATES,29.883,-97.867,182
722540,AUSTINMUELLERMUNICIPALAP,UNITEDSTATES,30.317,-97.767,200.6
722541,MCKINNEYMUNIARPT,UNITEDSTATES,33.183,-96.583,176
722542,BURNETMUNI.,UNITEDSTATES,30.733,-98.233,391
722543,HOUSTON/SUGARLAND,UNITEDSTATES,29.617,-95.65,25
722544,CAMPMABRY,UNITEDSTATES,30.317,-97.767,198
722545,BERGSTROMAFB/AUSTIN,UNITEDSTATES,30.2,-97.683,165
722547,GEORGETOWN(AWOS),UNITEDSTATES,30.683,-97.683,240
722550,VICTORIAREGIONALAP,UNITEDSTATES,28.863,-96.93,35.7
722552,GAINESVILLE,UNITEDSTATES,33.65,-97.2,256
722553,BRENHAM,UNITEDSTATES,30.217,-96.367,94
722554,LAGRANGE,UNITEDSTATES,29.9,-96.95,99
722555,PALACIOSMUNICIPALAP,UNITEDSTATES,28.728,-96.251,4.6
722556,BEEVILLECHASENAAS,UNITEDSTATES,28.367,-97.667,57.9
722560,WACOREGIONALAP,UNITEDSTATES,31.611,-97.229,154.8
722570,FTHOODAAF/KILLEEN,UNITEDSTATES,31.15,-97.717,280.1
722575,KILLEENMUNI(AWOS),UNITEDSTATES,31.083,-97.683,258
722576,FORTHOOD/GRAYAAF,UNITEDSTATES,31.067,-97.833,312.1
722577,DRAUGHONMILLERCEN,UNITEDSTATES,31.15,-97.4,213
722580,DALLASLOVEFIELD,UNITEDSTATES,32.847,-96.851,148.7
722581,DALLASLOVEFIELD,UNITEDSTATES,32.847,-96.851,148.7
722583,DALLASLOVEFIELD,UNITEDSTATES,32.847,-96.851,148.7
722585,DALLASHENSLEYFIELDNAS,UNITEDSTATES,32.733,-96.967,150.9
722586,DELRIO(NEXRAD),UNITEDSTATES,29.267,-100.283,345
722587,COXFLD,UNITEDSTATES,33.633,-95.45,171
722588,GREENVILLE/MAJORS,UNITEDSTATES,33.067,-96.067,163
722589,DENTON(ASOS),UNITEDSTATES,33.2,-97.183,197
722590,DALLAS-FORTWORTHINTLAP,UNITEDSTATES,32.896,-97.041,181.7
722593,DFWNEXRAD,UNITEDSTATES,32.567,-97.3,233
722594,FORTWORTHALLIANCE,UNITEDSTATES,32.983,-97.317,226
722595,FORTWORTHNAS,UNITEDSTATES,32.769,-97.441,198.1
722596,FORTWORTHMEACHAM,UNITEDSTATES,32.819,-97.361,215.2
722597,MINERALWELLSMUNICIPALAP,UNITEDSTATES,32.782,-98.061,296.3
722598,DALLAS/ADDISONARPT,UNITEDSTATES,32.967,-96.833,196
722599,DALLAS/REDBIRDARPT,UNITEDSTATES,32.683,-96.867,201
722600,STEPHENVILLECLARKFIELD,UNITEDSTATES,32.217,-98.183,398.7
722610,DELRIOINTERNATIONALAP,UNITEDSTATES,29.367,-100.922,313
722615,LAUGHLINAFB,UNITEDSTATES,29.367,-100.783,327.1
722618,FORTSTOCKTONPECOS,UNITEDSTATES,30.917,-102.917,941
722620,PINESPRINGSGUADALUPEMOUNTA,UNITEDSTATES,31.831,-104.809,1663
722630,SANANGELOMATHISFIELD,UNITEDSTATES,31.351,-100.494,576.7
722636,DALHARTMUNICIPALAP,UNITEDSTATES,36.023,-102.547,1217.4
722637,CANADIAN/HEMPHILL,UNITEDSTATES,35.9,-100.4,730
722640,MARFAMUNI(AMOS),UNITEDSTATES,30.367,-104.017,1473.1
722648,ODESSA-SCHLEMEYERF,UNITEDSTATES,31.917,-102.383,902
722650,MIDLANDINTERNATIONALAP,UNITEDSTATES,31.932,-102.208,872.3
722655,WEBBAFB,UNITEDSTATES,32.217,-101.517,780.9
722656,WINKWINKLERCOUNTYAP,UNITEDSTATES,31.78,-103.201,859.5
722657,BIGSPRING,UNITEDSTATES,32.233,-101.5,783.9
722660,ABILENEREGIONALAP,UNITEDSTATES,32.411,-99.682,545.6
722665,ABILENEDYESSAFB,UNITEDSTATES,32.421,-99.855,545.3
722670,LUBBOCKINTERNATIONALAP,UNITEDSTATES,33.668,-101.821,987.9
722673,SHERMAN-DENISON,UNITEDSTATES,33.717,-96.667,228
722675,REESEAFB,UNITEDSTATES,33.6,-102.05,1014.1
722676,ARTESIA,UNITEDSTATES,32.85,-104.467,1079
722677,CLINESCORNER,UNITEDSTATES,35,-105.667,2410
722678,RATON,UNITEDSTATES,36.75,-104.65,1935
722680,ROSWELLINDUSTRIALAIRPARK,UNITEDSTATES,33.308,-104.541,1118.3
722682,SOUTHMARSH268A,UNITEDSTATES,29.117,-91.867,1
722683,SIERRABLANCARGNL,UNITEDSTATES,33.467,-105.533,2078
722686,CANNONAFB/CLOVIS,UNITEDSTATES,34.383,-103.317,1309.1
722687,CARLSBADCAVERNCITYAIRTERM,UNITEDSTATES,32.338,-104.263,994
722688,HOBBS/LEACO.,UNITEDSTATES,32.683,-103.217,1114
722689,CLOVISMUNI(AWOS),UNITEDSTATES,34.433,-103.083,1284
722690,WHITESANDS,UNITEDSTATES,32.383,-106.483,1244
722695,LASCRUCESINTL,UNITEDSTATES,32.283,-106.917,1393
722696,HOLLOMANAFB,UNITEDSTATES,32.85,-106.1,1248
722700,ELPASOINTERNATIONALAP,UNITEDSTATES,31.811,-106.376,1193.6
722710,TRUTHORCONSEQUENC,UNITEDSTATES,33.233,-107.267,1478.3
722725,DEMINGMUNI,UNITEDSTATES,32.25,-107.717,1348
722726,NOGALES(AMOS),UNITEDSTATES,31.417,-110.85,1198
722728,NOGALESINTL,UNITEDSTATES,31.417,-110.85,1236
722730,FORTHUACHUCA/LIBBY,UNITEDSTATES,31.6,-110.35,1421.9
722735,DOUGLASBISBEE-DOUGLASINTLA,UNITEDSTATES,31.469,-109.604,1250
722740,TUCSONINTERNATIONALAP,UNITEDSTATES,32.131,-110.955,778.8
722745,DAVIS-MONTHANAFB,UNITEDSTATES,32.167,-110.883,808.9
722747,SAFFORD(AMOS),UNITEDSTATES,32.817,-109.683,950
722748,CASAGRANDA(AWOS),UNITEDSTATES,32.95,-111.767,446
722749,CHANDLER,UNITEDSTATES,33.267,-111.817,379
722764,WINDOWROCK,UNITEDSTATES,35.65,-109.067,2054
722780,PHOENIXSKYHARBORINTLAP,UNITEDSTATES,33.443,-111.99,337.4
722783,MESA/FALCONFIELD,UNITEDSTATES,33.467,-111.733,424
722784,DEERVALLEY/PHOENIX,UNITEDSTATES,33.683,-112.083,450
722785,LUKEAFB/PHOENIX,UNITEDSTATES,33.533,-112.383,331
722786,WILLIAMSAFB/CHANDL,UNITEDSTATES,33.317,-111.65,412.1
722788,GOODYEARMUNICIPAL,UNITEDSTATES,33.417,-112.383,295
722789,SCOTTSDALEMUNI,UNITEDSTATES,33.617,-111.917,460
722800,YUMAINTLAIRPORT,UNITEDSTATES,32.65,-114.6,62.8
722801,YUMAMCASYUMAINTL,UNITEDSTATES,32.65,-114.6,65
722805,YUMAMCAS,UNITEDSTATES,32.65,-114.617,64.9
722806,AJOMUNICIPAL,UNITEDSTATES,32.45,-112.867,444
722820,PEASONRIDGEFTPOL,UNITEDSTATES,31.4,-93.283,111
722821,FULLERTONLANDING,UNITEDSTATES,31,-92.967,94
722822,SELFLANDINGSTRIP,UNITEDSTATES,31.1,-93,114
722860,MARCHAFB/RIVERSIDE,UNITEDSTATES,33.883,-117.267,462.1
722865,ONTARIO,UNITEDSTATES,34.067,-117.65,303.9
722866,NORTONAFB/SANBERN,UNITEDSTATES,34.1,-117.233,353
722867,BEAUMONT,UNITEDSTATES,33.933,-116.967,792.5
722868,PALMSPRINGSINTL,UNITEDSTATES,33.833,-116.5,145
722869,RIVERSIDEMUNI,UNITEDSTATES,33.95,-117.433,256
722874,LOSANGELESDOWNTOWNUSCCAMP,UNITEDSTATES,34.028,-118.296,56.4
722880,BURBANK/GLENDALE,UNITEDSTATES,34.2,-118.35,225.9
722885,SANTAMONICAMUNI,UNITEDSTATES,34.017,-118.45,53
722886,VANNUYSAIRPORT,UNITEDSTATES,34.217,-118.483,234.7
722897,SANLUISCORGNL,UNITEDSTATES,35.233,-120.633,66
722899,CHINOAIRPORT,UNITEDSTATES,33.967,-117.633,198
722900,SANDIEGOLINDBERGHFIELD,UNITEDSTATES,32.735,-117.169,8.5
722901,SANDIEGO/MONTGOMER,UNITEDSTATES,32.817,-117.133,129
722903,SANDIEGO/MONTGOMER,UNITEDSTATES,32.817,-117.133,129
722904,SANDIEGO/BROWNFLD,UNITEDSTATES,32.567,-116.983,159.4
722906,SANDIEGONORTHISLANDNAS,UNITEDSTATES,32.7,-117.2,7.9
722907,SANDIEGO/GILLESPIE,UNITEDSTATES,32.833,-116.967,117
722908,ELTORO(USMC),UNITEDSTATES,33.667,-117.733,117
722909,IMPERIALBEACHREAMFIELDNAS,UNITEDSTATES,32.567,-117.117,7
722910,SANNICHOLASISLAND,UNITEDSTATES,33.25,-119.467,173.1
722915,TUSTINMCAF,UNITEDSTATES,33.7,-117.833,16.5
722920,AVALON/CATALINA,UNITEDSTATES,33.4,-118.417,481.9
722925,SANCLEMENTENALF,UNITEDSTATES,33.017,-118.583,52.1
722926,CAMPPENDLETONMCAS,UNITEDSTATES,33.3,-117.35,23.8
722927,CARLSBAD/PALOMAR,UNITEDSTATES,33.133,-117.283,100
722930,SANDIEGOMIRAMARNAS,UNITEDSTATES,32.867,-117.15,145.7
722931,MIRAMARMCAS,UNITEDSTATES,32.867,-117.15,146
722934,OCEANSIDEMUNICIPAL,UNITEDSTATES,33.217,-117.35,9
722950,LOSANGELESINTLARPT,UNITEDSTATES,33.938,-118.406,99.4
722955,TORRANCEMUNICIPAL,UNITEDSTATES,33.8,-118.333,27.1
722956,JACKNORTHROPFLDH,UNITEDSTATES,33.917,-118.333,21
722970,LONGBEACHDAUGHERTYFLD,UNITEDSTATES,33.828,-118.163,12.2
722972,LITCHFIELD,UNITEDSTATES,39.167,-89.667,210
722974,LONGBEACH,UNITEDSTATES,33.767,-118.167,3
722975,LOSALAMITOSAAF,UNITEDSTATES,33.783,-118.05,11
722976,FULLERTONMUNICIPAL,UNITEDSTATES,33.867,-117.983,29
722977,SANTAANA/JON-WAYNE,UNITEDSTATES,33.683,-117.867,16.5
722978,HUNTINGTONBEACH,UNITEDSTATES,33.65,-118,35
723011,WILMINGTONNEWHANOVERCOUNTY,UNITEDSTATES,34.268,-77.906,11.6
723013,WILMINGTONINTERNATIONALARPT,UNITEDSTATES,34.268,-77.906,11.6
723020,WILMINGTON,UNITEDSTATES,34.267,-77.9,10
723030,POPEAFB,UNITEDSTATES,35.167,-79.017,66.4
723035,FAYETTEVILLERGNLG,UNITEDSTATES,34.983,-78.883,59
723037,BEAUFORT/SMITHFLD,UNITEDSTATES,34.717,-76.65,3
723040,CAPEHATTERAS,UNITEDSTATES,35.267,-75.55,3
723046,DARECORGNL,UNITEDSTATES,35.917,-75.683,4
723055,STATESVILLEMUNIAI,UNITEDSTATES,35.75,-80.95,294
723060,RALEIGHDURHAMINTERNATIONAL,UNITEDSTATES,35.871,-78.786,133.2
723065,PITTGREENVILLEARP,UNITEDSTATES,35.633,-77.4,8
723066,SEYMOUR-JOHNSONAFB,UNITEDSTATES,35.333,-77.967,33.2
723067,KINSTON/STALLINGS,UNITEDSTATES,35.333,-77.617,29
723068,ROCKYMOUNTWILSON,UNITEDSTATES,35.85,-77.883,50
723069,JACKSONVILLE(AWOS),UNITEDSTATES,34.833,-77.617,29
723074,EDENTON,UNITEDSTATES,36.033,-76.567,6
723075,OCEANANAS,UNITEDSTATES,36.817,-76.033,6.7
723079,AHOSKIE,UNITEDSTATES,36.3,-77.167,21
723080,NORFOLKINTERNATIONALAP,UNITEDSTATES,36.904,-76.192,9.1
723084,ASHLAND,UNITEDSTATES,37.7,-77.433,62
723085,NORFOLKNAS,UNITEDSTATES,36.933,-76.283,4.9
723086,NEWPORTNEWS,UNITEDSTATES,37.133,-76.5,13
723087,FORTEUSTIS/FELKER,UNITEDSTATES,37.133,-76.617,7
723090,CHERRYPOINTMCAS,UNITEDSTATES,34.9,-76.883,8.8
723095,NEWBERNCRAVENCOREGLAP,UNITEDSTATES,35.068,-77.047,7.3
723096,NEWRIVERMCAF,UNITEDSTATES,34.7,-77.433,7.6
723098,CULPEPER,UNITEDSTATES,38.383,-77.867,95
723100,COLUMBIAMETROARPT,UNITEDSTATES,33.942,-81.118,68.6
723104,COLUMBIAOWENSAPT,UNITEDSTATES,33.967,-81,59
723105,MCENTIREANGBASE,UNITEDSTATES,33.917,-80.8,74.1
723106,FLORENCEREGIONALAP,UNITEDSTATES,34.188,-79.731,46
723108,LUMBERTON,UNITEDSTATES,34.6,-79.067,38
723109,MAXTON,UNITEDSTATES,34.783,-79.367,67
723110,ATHENSBENEPPSAP,UNITEDSTATES,33.948,-83.327,244.4
723114,LOUISA,UNITEDSTATES,38.017,-77.967,150
723115,ORANGEBURG,UNITEDSTATES,33.467,-80.85,60
723117,ROCKHILL/YORKCOUN,UNITEDSTATES,34.983,-81.05,204
723118,CLEMSON-OCONEECOA,UNITEDSTATES,34.667,-82.867,271
723119,GREENVILLEDOWNTOWN,UNITEDSTATES,34.85,-82.35,319.4
723120,GREERGREENV'L-SPARTANBRGAP,UNITEDSTATES,34.899,-82.219,296
723122,GREENVILLE,UNITEDSTATES,34.75,-82.367,291
723123,LANDOLAKES,UNITEDSTATES,46.15,-89.217,520
723124,GREENWOODAIRPORT,UNITEDSTATES,34.233,-82.15,192
723125,ANDERSONCOUNTYAP,UNITEDSTATES,34.495,-82.709,235.6
723126,SPARTANBURG,UNITEDSTATES,34.917,-81.95,244.1
723139,HATTERASBILLYMITCHELLAP,UNITEDSTATES,35.232,-75.623,3.4
723140,CHARLOTTEDOUGLASINTLARPT,UNITEDSTATES,35.214,-80.944,234.4
723143,SOUTHERNPINESAWOS,UNITEDSTATES,35.233,-79.4,141
723144,RUTHERFORDTON,UNITEDSTATES,35.433,-81.933,329
723145,HICKORYREGIONALAP,UNITEDSTATES,35.741,-81.39,362.1
723146,JEFFERSON,UNITEDSTATES,36.433,-81.417,969
723147,GASTONIAMUNIARPT,UNITEDSTATES,35.183,-81.15,243
723148,MORGANTON/LENIORAR,UNITEDSTATES,35.817,-81.6,387
723150,ASHEVILLEREGIONALARPT,UNITEDSTATES,35.432,-82.538,661.4
723156,ROWANCOUNTYARPT,UNITEDSTATES,35.65,-80.517,236
723170,GREENSBOROPIEDMONTTRIADINT,UNITEDSTATES,36.098,-79.944,270.1
723171,EDWARDSNBASE,UNITEDSTATES,34.983,-117.867,701
723174,BURLINGTONRGNLARP,UNITEDSTATES,36.05,-79.467,188
723177,MOUNTAIRYCOARPT,UNITEDSTATES,36.45,-80.55,380
723181,BRISTOLTRICITYAIRPORT,UNITEDSTATES,36.48,-82.399,464.8
723183,BRISTOLTRICITYAIRPORT,UNITEDSTATES,36.48,-82.399,464.8
723190,WINSTON-SALEMREYNOLDSAP,UNITEDSTATES,36.134,-80.222,295.7
723193,WINSTON-SALEM/SMITH,UNITEDSTATES,36.133,-80.217,295.7
723194,MONROEAIRPORT,UNITEDSTATES,35.017,-80.617,207
723200,ROME/RUSSELL(RAMOS),UNITEDSTATES,34.35,-85.167,194.8
723230,HUNTSVILLEINTL/JONESFIELD,UNITEDSTATES,34.644,-86.786,196.3
723235,MUSCLESHOALSREGIONALAP,UNITEDSTATES,34.745,-87.61,171.3
723240,CHATTANOOGALOVELLFIELDAP,UNITEDSTATES,35.033,-85.2,209.7
723246,OAKRIDGE,UNITEDSTATES,36.017,-84.233,277
723260,KNOXVILLEMCGHEETYSONAP,UNITEDSTATES,35.818,-83.986,298.7
723265,CROSSVILLEMEMORIALAP,UNITEDSTATES,35.951,-85.085,570
723270,NASHVILLEINTERNATIONALAP,UNITEDSTATES,36.119,-86.689,184.4
723273,SMYRNA,UNITEDSTATES,36,-86.517,170
723284,MILLINGTONMUNIARP,UNITEDSTATES,35.35,-89.867,98
723290,LONDON-CORBINAP,UNITEDSTATES,37.087,-84.077,369.1
723291,LONDON-CORBINAP,UNITEDSTATES,37.087,-84.077,369.1
723300,POPLARBLUFF(AMOS),UNITEDSTATES,36.767,-90.467,146
723301,TUPELOCDLEMONSARPT,UNITEDSTATES,34.261,-88.771,110
723306,COLUMBUSAFB,UNITEDSTATES,33.65,-88.45,68
723307,GOLDENTRI(AWOS),UNITEDSTATES,33.45,-88.583,80
723320,TUPELOCDLEMONSARPT,UNITEDSTATES,34.261,-88.771,110
723340,MEMPHISINTERNATIONALAP,UNITEDSTATES,35.061,-89.985,101.2
723345,MEMPHISNAS,UNITEDSTATES,35.357,-89.87,97.5
723346,JACKSONMCKELLAR-SIPESREGLA,UNITEDSTATES,35.593,-88.917,128.6
723347,DYERSBURG(AWOS),UNITEDSTATES,36,-89.4,102.7
723400,LITTLEROCK/ADAMSF,UNITEDSTATES,34.833,-92.25,351
723401,LITTLEROCKADAMSFIELD,UNITEDSTATES,34.747,-92.233,78.3
723403,LITTLEROCKADAMSFIELD,UNITEDSTATES,34.747,-92.233,78.3
723405,LITTLEROCKAFB,UNITEDSTATES,34.917,-92.15,103
723406,WALNUTRIDGE(AWOS),UNITEDSTATES,36.133,-90.917,83
723407,JONESBOROMUNI,UNITEDSTATES,35.833,-90.633,82
723408,EAKERAFB,UNITEDSTATES,35.967,-89.95,79.9
723409,BLYTHEVILLEMUNI,UNITEDSTATES,35.933,-89.817,78
723415,MEMORIALFLD,UNITEDSTATES,34.467,-93.083,169
723416,STUTTGART(AWOS),UNITEDSTATES,34.6,-91.567,68
723417,PINEBLUFF/GRIDER,UNITEDSTATES,34.183,-91.933,63.1
723418,TEXARKANAWEBBFIELD,UNITEDSTATES,33.454,-94.008,121.6
723419,ELDORADOGOODWINFIELD,UNITEDSTATES,33.221,-92.813,86.9
723424,MONTICELLOMUNI,UNITEDSTATES,33.567,-91.717,36
723425,CAMDEN/HARRELLFLD,UNITEDSTATES,33.617,-92.767,40
723429,RUSSELLVILLEMUNIA,UNITEDSTATES,35.25,-93.083,123
723434,SPRINGDALEMUNI,UNITEDSTATES,36.183,-94.117,412
723436,FAYETTEVILLE/SPRING,UNITEDSTATES,36.267,-94.3,392
723439,BAXTERCORGNLAPT,UNITEDSTATES,36.367,-92.467,283
723440,FORTSMITHREGIONALAP,UNITEDSTATES,35.334,-94.365,140.8
723441,ALBIONAIRPORT,UNITEDSTATES,41.733,-98.05,551
723443,SILOAMSPRING(AWOS),UNITEDSTATES,36.183,-94.483,364
723444,BENTONVILLE(AWOS),UNITEDSTATES,36.35,-94.217,395
723445,FAYETTEVILLE/DRAKE,UNITEDSTATES,36,-94.167,381.3
723446,HARRISONFAAAP,UNITEDSTATES,36.261,-93.155,422.1
723447,FLIPPIN(AWOS),UNITEDSTATES,36.3,-92.467,350
723448,BATESVILLE(AWOS),UNITEDSTATES,35.733,-91.65,141
723449,ROGERS(AWOS),UNITEDSTATES,36.367,-94.1,415
723484,WESTPLAINS-ASOS,UNITEDSTATES,36.883,-91.9,374
723489,CAPEGIRARDEAUMUNICIPALAP,UNITEDSTATES,37.225,-89.571,107.3
723490,MONETTE,UNITEDSTATES,36.883,-93.9,437
723495,JOPLINMUNICIPALAP,UNITEDSTATES,37.149,-94.498,300.2
723510,WICHITAFALLSMUNICIPALARPT,UNITEDSTATES,33.979,-98.493,313.9
723520,ALTUSAFB,UNITEDSTATES,34.667,-99.267,413.9
723525,HOBARTMUNICIPALAP,UNITEDSTATES,35.008,-99.051,478.5
723526,CLINTON-SHERMAN,UNITEDSTATES,35.333,-99.2,586
723527,GAGEAIRPORT,UNITEDSTATES,36.297,-99.775,671.2
723528,FREDERICKMUNI,UNITEDSTATES,34.333,-98.983,377
723529,ARDMORE,UNITEDSTATES,34.15,-97.117,257
723530,OKLAHOMACITYWILLROGERSWOR,UNITEDSTATES,35.389,-97.6,397.5
723535,VANCEAFB,UNITEDSTATES,36.333,-97.917,408
723536,ENIDWOODRINGRGNL,UNITEDSTATES,36.383,-97.783,356
723537,GUTHRIE,UNITEDSTATES,35.85,-97.4,327
723540,TINKERAFB,UNITEDSTATES,35.417,-97.383,384
723544,OKLAHOMACITY/WILEY,UNITEDSTATES,35.533,-97.65,396
723545,STILLWATERRGNL,UNITEDSTATES,36.15,-97.083,308
723546,PONCACITYMUNICIPALAP,UNITEDSTATES,36.731,-97.1,304.2
723550,FORTSILL,UNITEDSTATES,34.65,-98.4,369.1
723555,ARDMOREMUNICIPAL,UNITEDSTATES,34.3,-97.017,232
723556,MUSKOGEE/DAVISFLD,UNITEDSTATES,35.65,-95.367,186
723560,TULSAINTERNATIONALAIRPORT,UNITEDSTATES,36.198,-95.886,206
723564,TULSA/LLOYDJONES,UNITEDSTATES,36.033,-95.983,193
723565,BARTLESVILLE/PHILLI,UNITEDSTATES,36.767,-96.017,218
723566,MCALESTERMUNICIPALAP,UNITEDSTATES,34.899,-95.783,234.7
723570,NORMAN/MAXWESTHEIM,UNITEDSTATES,35.233,-97.45,361
723575,LAWTONMUNICIPAL,UNITEDSTATES,34.567,-98.417,338
723600,CLAYTONMUNICIPALAIRPARK,UNITEDSTATES,36.446,-103.154,1515.5
723601,CHILDRESSMUNICIPALAP,UNITEDSTATES,34.434,-100.288,595
723604,CHILDRESSMUNICIPALAP,UNITEDSTATES,34.434,-100.288,595
723625,GRANTS-MILANMUNI,UNITEDSTATES,35.167,-107.9,1987.3
723626,CURRITUCK,UNITEDSTATES,36.383,-76.017,5
723627,GALLUPSENCLARKEFLD,UNITEDSTATES,35.511,-108.789,1971.4
723628,BRADY/CURTISFIELD,UNITEDSTATES,31.183,-99.317,557
723629,ORANGECOAIRPORT,UNITEDSTATES,30.067,-93.8,4
723630,AMARILLOINTERNATIONALAP,UNITEDSTATES,35.219,-101.706,1098.5
723635,BORGER/HUTCHINSON,UNITEDSTATES,35.7,-101.4,931
723650,ALBUQUERQUEINTLARPT,UNITEDSTATES,35.042,-106.616,1619.7
723654,LOSALAMOS,UNITEDSTATES,35.883,-106.283,2186
723656,SANTAFECO.MUNI,UNITEDSTATES,35.617,-106.083,1933.7
723658,FARMINGTONREGIONAL,UNITEDSTATES,36.75,-108.233,1674.9
723663,TAOSMUNIAPT(AWOS),UNITEDSTATES,36.45,-105.667,2161
723676,TUCUMCARIMUNICIPAL,UNITEDSTATES,35.183,-103.6,1234.7
723677,LASVEGASMUNICIPALARPT,UNITEDSTATES,35.654,-105.143,2095.5
723700,KINGMAN(AMOS),UNITEDSTATES,35.267,-113.95,1033
723710,PAGEMUNI(AMOS),UNITEDSTATES,36.933,-111.45,1304
723721,PRESCOTTMUNICIPALAP,UNITEDSTATES,34.652,-112.421,1539.8
723723,PRESCOTTLOVEFIELD,UNITEDSTATES,34.652,-112.421,1539.8
723740,WINSLOWMUNICIPALAP,UNITEDSTATES,35.022,-110.722,1488.3
723747,SHOWLOWMUNICIPAL,UNITEDSTATES,34.267,-110,1954
723750,FLAGSTAFFAIRPORT,UNITEDSTATES,35.133,-111.667,2135
723754,ST.JOHNSAIRPARK,UNITEDSTATES,34.517,-109.383,1747
723755,FLAGSTAFFPULLIAMARPT,UNITEDSTATES,35.14,-111.672,2139.1
723758,LADYSMITH,UNITEDSTATES,45.483,-91,377
723760,FLAGSTAFF,UNITEDSTATES,36.217,-111.817,2181
723761,CALDWELLAIRPORT,UNITEDSTATES,30.517,-96.7,119
723783,GRANDCANYONNATLP,UNITEDSTATES,35.95,-112.133,2065
723788,BULLHEADCITY,UNITEDSTATES,35.167,-114.567,167
723800,DATSAV3VIRTSTATION(UNITEDSTATES),UNITEDSTATES,52.8,173.167,0
723801,DATSAV3VIRTSTATION(UNITEDSTATES),UNITEDSTATES,52.8,173.167,0
723805,NEEDLESAIRPORT,UNITEDSTATES,34.766,-114.623,278.6
723810,EDWARDSAFB,UNITEDSTATES,34.9,-117.883,705.9
723815,DAGGETTBARSTOW-DAGGETTAP,UNITEDSTATES,34.854,-116.787,588
723816,LANCASTERGENWMFOXFIELD,UNITEDSTATES,34.741,-118.219,712.9
723820,PALMDALEPRODUCTION,UNITEDSTATES,34.633,-118.083,769.3
723825,GEORGEAFB,UNITEDSTATES,34.583,-117.383,876
723830,SANDBERG,UNITEDSTATES,34.744,-118.724,1378.6
723840,BAKERSFIELDMEADOWSFIELD,UNITEDSTATES,35.434,-119.056,150
723850,YUCCAFLATSTESTST,UNITEDSTATES,36.95,-116.05,1196.9
723860,LASVEGASMCCARRANINTLAP,UNITEDSTATES,36.079,-115.155,664.5
723865,NELLISAFB,UNITEDSTATES,36.233,-115.033,573
723870,MERCURYDESERTROCKAP,UNITEDSTATES,36.621,-116.028,1008.9
723890,FRESNOYOSEMITEINTLAP,UNITEDSTATES,36.78,-119.719,99.7
723898,HANFORDMUNIARPT,UNITEDSTATES,36.317,-119.617,75
723910,POINTMUGUNF,UNITEDSTATES,34.117,-119.117,3.7
723925,SANTABARBARAMUNICIPALAP,UNITEDSTATES,34.426,-119.844,6.1
723926,CAMARILLO(AWOS),UNITEDSTATES,34.217,-119.083,23
723927,OXNARD,UNITEDSTATES,34.2,-119.2,11
723930,VANDENBERGAFB,UNITEDSTATES,34.75,-120.567,121
723940,SANTAMARIAPUBLICARPT,UNITEDSTATES,34.916,-120.465,72.5
723960,DATSAV3VIRTSTATION(UNITEDSTATES),UNITEDSTATES,52.8,173.167,0
723965,PASOROBLESMUNICIPALARPT,UNITEDSTATES,35.673,-120.627,249
724006,CHESAPEAKEMUNIARP,UNITEDSTATES,36.667,-76.317,6
724007,SUFFOLK,UNITEDSTATES,36.683,-76.6,22
724008,ROANOKERAPIDS,UNITEDSTATES,36.45,-77.717,77
724010,RICHMONDINTERNATIONALAP,UNITEDSTATES,37.511,-77.323,49.7
724014,DINWIDDIECO,UNITEDSTATES,37.183,-77.5,60
724016,CHARLOTTESVILLE,UNITEDSTATES,38.133,-78.45,189.9
724017,FARMVILLE,UNITEDSTATES,37.35,-78.433,125
724019,NORFOLK(NEXRAD),UNITEDSTATES,36.983,-77.017,64
724020,WALLOPSISLSTN,UNITEDSTATES,37.933,-75.483,41
724026,MELFA/ACCOMACKARPT,UNITEDSTATES,37.65,-75.767,15
724030,WASHINGTONDCDULLESINT'LAR,UNITEDSTATES,38.935,-77.448,98.5
724035,QUANTICOMCAS,UNITEDSTATES,38.5,-77.3,3.7
724036,MANASSASMUNI(AWOS),UNITEDSTATES,38.717,-77.517,59
724037,FORTBELVOIR/DAVISO,UNITEDSTATES,38.717,-77.183,27.1
724040,PATUXENTRIVERNAS,UNITEDSTATES,38.283,-76.4,12.2
724043,EASTON/NEWMAN/FLD,UNITEDSTATES,38.8,-76.067,22
724045,SALISBURYWICOMICOCOAP,UNITEDSTATES,38.341,-75.51,18.3
724050,WASHINGTONDCREAGANAP,UNITEDSTATES,38.865,-77.034,19.8
724053,WINCHESTERRGNL,UNITEDSTATES,39.15,-78.15,222
724055,LEESBURG/GODFREY,UNITEDSTATES,39.083,-77.567,119
724058,ABINGTON,UNITEDSTATES,36.683,-82.033,631
724060,BALTIMOREBLT-WASHNGTNINT'L,UNITEDSTATES,39.172,-76.684,47.2
724065,DATSAV3VIRTSTATION(UNITEDSTATES),UNITEDSTATES,52.8,173.167,0
724066,HAGERSTOWNRGNLRIC,UNITEDSTATES,39.7,-77.717,220
724067,MARTINSTATE,UNITEDSTATES,39.317,-76.4,7
724070,ATLANTICCITYINTLAP,UNITEDSTATES,39.458,-74.457,20.4
724074,SJERSEYRGNLARPT,UNITEDSTATES,39.933,-74.833,16
724075,MILLVILLEMUNICIPALAP,UNITEDSTATES,39.366,-75.078,23.2
724080,PHILADELPHIAINTERNATIONALAP,UNITEDSTATES,39.868,-75.231,8.5
724085,PHILADELPHIANE,UNITEDSTATES,40.083,-75.017,30.5
724086,WILLOWGROVENAS,UNITEDSTATES,40.2,-75.15,110.3
724088,DOVERAFB,UNITEDSTATES,39.133,-75.467,7
724089,WILMINGTONNEWCASTLECNTYAP,UNITEDSTATES,39.673,-75.601,24.4
724090,LAKEHURSTNAS,UNITEDSTATES,40.033,-74.35,31.4
724093,GEORGETOWN/SUSSEX,UNITEDSTATES,38.683,-75.367,16
724094,CALDWELL/ESSEXCO.,UNITEDSTATES,40.883,-74.283,53
724095,TRENTON/MERCERCO.,UNITEDSTATES,40.283,-74.817,64.9
724096,MCGUIREAFB,UNITEDSTATES,40.017,-74.6,45.1
724097,MORRISTOWNMUNI,UNITEDSTATES,40.8,-74.417,58
724100,LYNCHBURGREGIONALARPT,UNITEDSTATES,37.338,-79.207,285.9
724105,STAUNTON/SHENANDOAH,UNITEDSTATES,38.267,-78.9,366
724106,DANVILLEREGIONAL,UNITEDSTATES,36.567,-79.333,175.9
724110,ROANOKEREGIONALAP,UNITEDSTATES,37.317,-79.974,358.4
724113,VIRGINIATECHARPT,UNITEDSTATES,37.217,-80.417,650
724115,HOTSPRINGS/INGALLS,UNITEDSTATES,37.95,-79.833,1156
724116,DUBLIN/NEWRIVVLLY,UNITEDSTATES,37.133,-80.683,641.9
724118,MECKLENBURG/BRUNS.,UNITEDSTATES,36.7,-78.05,430
724120,BECKLEYRALEIGHCOMEMAP,UNITEDSTATES,37.795,-81.125,766.3
724125,BLUEFIELD/MERCERCO,UNITEDSTATES,37.3,-81.2,871
724127,LEWISBURG/GREENBRIE,UNITEDSTATES,37.867,-80.4,702
724140,CHARLESTONYEAGERARPT,UNITEDSTATES,38.379,-81.591,299.3
724165,PETERSBURG/GRANTAI,UNITEDSTATES,38.983,-79.133,293
724170,ELKINSELKINS-RANDOLPHCOARP,UNITEDSTATES,38.885,-79.853,603.2
724175,HARRISONMARIONRGN,UNITEDSTATES,39.283,-80.217,380
724176,MORGANTOWNHARTFIELD,UNITEDSTATES,39.643,-79.916,381.9
724177,MARTINSBURGEASTERNWVREGAP,UNITEDSTATES,39.402,-77.984,162.8
724210,CINCINNATINORTHERNKYAP,UNITEDSTATES,39.043,-84.672,269.1
724220,LEXINGTONBLUEGRASSAP,UNITEDSTATES,38.041,-84.606,301.4
724230,LOUISVILLESTANDIFORDFIELD,UNITEDSTATES,38.177,-85.73,148.7
724233,CAPITALCITYARPT,UNITEDSTATES,38.183,-84.9,245
724235,LOUISVILLE/BOWMAN,UNITEDSTATES,38.233,-85.667,164.6
724236,JACKSONJULIANCARROLLAP,UNITEDSTATES,37.591,-83.314,413.6
724237,OWENSBORODAVIESSC,UNITEDSTATES,37.733,-87.167,127
724238,HENDERSONCITY,UNITEDSTATES,37.817,-87.683,117
724240,FORTKNOX/GODMAN,UNITEDSTATES,37.9,-85.967,239
724243,LONDON-CORBINAP,UNITEDSTATES,37.087,-84.077,369.1
724250,HUNTINGTONTRI-STATEARPT,UNITEDSTATES,38.382,-82.555,255.4
724270,PARKERSBURGWOODCOUNTYAP,UNITEDSTATES,39.35,-81.433,253.3
724271,PARKERSBURGWOODCOUNTYAP,UNITEDSTATES,39.345,-81.439,263.3
724273,PARKERSBURGWOODCOUNTYAP,UNITEDSTATES,39.345,-81.439,263.3
724275,WHEELING/OHIOCO.,UNITEDSTATES,40.183,-80.65,359.4
724276,DAYTONGENERLARPT,UNITEDSTATES,39.6,-84.233,293
724280,COLUMBUSPORTCOLUMBUSINTLA,UNITEDSTATES,39.991,-82.881,248.7
724284,COLUMBUS/BOLTONFLD,UNITEDSTATES,39.9,-83.133,280
724285,RICKENBACKERANGB,UNITEDSTATES,39.817,-82.933,230.1
724286,ZANESVILLEMUNICIPALAP,UNITEDSTATES,39.944,-81.892,274.9
724287,METCALFFIELD,UNITEDSTATES,41.55,-83.467,189
724288,OHIOSTATEUNIVERSI,UNITEDSTATES,40.067,-83.067,283
724290,DAYTONINTERNATIONALAIRPORT,UNITEDSTATES,39.906,-84.219,305.7
724294,LANCASTER/FAIRFIEL,UNITEDSTATES,39.75,-82.65,264
724295,SPRINGFIELD/BECKLEY,UNITEDSTATES,39.833,-83.833,323.1
724296,WILMINGTONAIRPARK,UNITEDSTATES,39.433,-83.8,328.3
724297,CINCINNATIMUNICIPALAPLUNKI,UNITEDSTATES,39.103,-84.419,151.5
724298,LIMAALLENCOARPT,UNITEDSTATES,40.4,-84.017,296
724303,AKRONFULTONASOS,UNITEDSTATES,41.033,-81.467,326
724320,EVANSVILLEREGIONALAP,UNITEDSTATES,38.043,-87.537,118.3
724330,SALEM-LECKRONE,UNITEDSTATES,38.65,-88.967,174
724335,MOUNTVERNON(AWOS),UNITEDSTATES,38.317,-88.867,146
724336,SOUTHERNILLINOIS,UNITEDSTATES,37.767,-89.25,128
724338,SCOTTAFB/BELLEVILL,UNITEDSTATES,38.55,-89.85,135
724339,MARIONREGIONAL,UNITEDSTATES,37.75,-89.017,144
724340,STLOUISLAMBERTINT'LARPT,UNITEDSTATES,38.753,-90.374,216.4
724345,STLOUISSPIRITOFSTLOUISA,UNITEDSTATES,38.657,-90.656,140.8
724347,STCHARLESCOUNTYA,UNITEDSTATES,38.917,-90.417,133
724350,PADUCAHBARKLEYREGIONALAP,UNITEDSTATES,37.056,-88.774,125.9
724354,SOMERSET(AWOS),UNITEDSTATES,38,-84.6,283
724356,SHELBYVILLEMUNI,UNITEDSTATES,39.583,-85.8,245
724361,COLUMBUSBAKALAR,UNITEDSTATES,39.262,-85.896,199.9
724365,HUNTINGBURG,UNITEDSTATES,38.25,-86.95,161
724370,TERREHAUTEHULMANREGIONALA,UNITEDSTATES,39.45,-87.3,175.3
724371,TERREHAUTEHULMANREGIONALA,UNITEDSTATES,39.45,-87.3,175.3
724373,TERREHAUTE/HULMAN,UNITEDSTATES,39.45,-87.317,175.3
724375,MONROECO,UNITEDSTATES,39.133,-86.617,264
724380,INDIANAPOLISINTLAP,UNITEDSTATES,39.71,-86.272,246.3
724384,EAGLECREEK,UNITEDSTATES,39.833,-86.3,250
724385,ANDERSONMUNICIPAL,UNITEDSTATES,40.117,-85.617,280
724386,LAFAYETTEPURDUEUNIVAP,UNITEDSTATES,40.412,-86.937,194.2
724388,GOSHEN,UNITEDSTATES,41.533,-85.783,252
724390,SPRINGFIELDCAPITALAP,UNITEDSTATES,39.845,-89.684,186.8
724395,STLOUISRGNL,UNITEDSTATES,38.883,-90.033,170
724396,QUINCYMUNIBALDWINFLD,UNITEDSTATES,39.943,-91.194,233.5
724397,CENTRALILLINOISRG,UNITEDSTATES,40.467,-88.917,272
724400,SPRINGFIELDREGIONALARPT,UNITEDSTATES,37.24,-93.39,387.1
724450,COLUMBIAREGIONALAIRPORT,UNITEDSTATES,38.817,-92.218,273.7
724453,SEDALIAMEMORIAL,UNITEDSTATES,38.7,-93.183,277
724454,FARMINGTONAIRPORT,UNITEDSTATES,37.767,-90.433,274
724455,KIRKSVILLEREGIONAL,UNITEDSTATES,40.1,-92.55,294.4
724456,VICHYROLLANATLARPT,UNITEDSTATES,38.128,-91.769,346.6
724457,FORTLEONARDWOOD,UNITEDSTATES,37.733,-92.133,351.1
724458,JEFFERSONCITYMEM,UNITEDSTATES,38.583,-92.15,167
724460,KANSASCITYINT'LARPT,UNITEDSTATES,39.299,-94.718,312.4
724461,KANSASCITYDOWNTOWNAP,UNITEDSTATES,39.123,-94.593,228.6
724463,KANSASCITYMUNI,UNITEDSTATES,39.117,-94.6,226.2
724466,DATSAV3VIRTSTATION(UNITEDSTATES),UNITEDSTATES,52.8,173.167,0
724467,WHITEMANAFB,UNITEDSTATES,38.733,-93.55,255.1
724468,OLATHE/JOHNSONCO.,UNITEDSTATES,38.85,-94.733,334
724475,JOHNSONCO.INDUSTR,UNITEDSTATES,38.833,-94.883,331.3
724490,STJOSEPH/ROSECRANS,UNITEDSTATES,39.767,-94.917,246.9
724500,WICHITAMID-CONTINENTAP,UNITEDSTATES,37.647,-97.429,408.4
724502,WINFIELD/ARKCITY,UNITEDSTATES,37.3,-97,353
724504,WICHITA/COL.JABARA,UNITEDSTATES,37.75,-97.217,433
724505,MCCONNELLAFB,UNITEDSTATES,37.617,-97.267,413.9
724506,HUTCHINSONMUNI,UNITEDSTATES,38.067,-97.867,462.7
724507,CHANUTEMARTINJOHNSONAP,UNITEDSTATES,37.67,-95.484,308.2
724508,LAWRENCEMUNIARPT,UNITEDSTATES,39,-95.217,254
724509,NEWTON(AWOS),UNITEDSTATES,38.05,-97.283,467
724510,DODGECITYREGIONALAP,UNITEDSTATES,37.773,-99.97,790
724515,GARDENCITYMUNI,UNITEDSTATES,37.933,-100.717,878.4
724516,LIBERALMUNI,UNITEDSTATES,37.033,-100.95,901
724517,GREATBEND(AWOS),UNITEDSTATES,38.35,-98.867,575
724518,HAYSMUNI(AWOS),UNITEDSTATES,38.85,-99.267,609
724519,COFFEYVILLEMUNI,UNITEDSTATES,37.1,-95.567,230
724550,FTRILEY/MARSHALLA,UNITEDSTATES,39.05,-96.767,324
724555,MANHATTANRGNL,UNITEDSTATES,39.133,-96.667,330
724556,EMPORIAMUNICIPAL,UNITEDSTATES,38.333,-96.183,368.5
724560,TOPEKAMUNICIPALAP,UNITEDSTATES,39.073,-95.626,269.7
724565,TOPEKA/FORBESFIELD,UNITEDSTATES,38.95,-95.667,325.2
724567,FORTLEAVENWORTHSHERMANAAF,UNITEDSTATES,39.367,-94.917,0
724580,CONCORDIABLOSSERMUNIAP,UNITEDSTATES,39.549,-97.652,452.3
724585,RUSSELLMUNICIPALAP,UNITEDSTATES,38.872,-98.828,567.8
724586,SCHILLINGAFB,UNITEDSTATES,38.8,-97.633,392.3
724620,ALAMOSASANLUISVALLEYRGNL,UNITEDSTATES,37.436,-105.866,2298.5
724625,DURANGO/LAPLATACO,UNITEDSTATES,37.15,-107.75,2038
724627,TELLURIDEREGIONAL,UNITEDSTATES,37.95,-107.9,2769
724635,LAJUNTAMUNICIPALAP,UNITEDSTATES,38.051,-103.527,1284.7
724640,PUEBLOMEMORIALAP,UNITEDSTATES,38.29,-104.498,1438.7
724645,TRINIDADLASANIMASCOUNTYAP,UNITEDSTATES,37.259,-104.341,1750.5
724650,GOODLANDRENNERFIELD,UNITEDSTATES,39.368,-101.693,1124.1
724655,HILLCITYMUNICIPALAP,UNITEDSTATES,39.376,-99.83,677
724660,COLORADOSPRINGSMUNIAP,UNITEDSTATES,38.812,-104.711,1880.6
724663,PETERSONAFB,UNITEDSTATES,38.817,-104.733,1876
724665,LIMONMUNICIPAL,UNITEDSTATES,39.267,-103.667,1695.3
724666,DENVER/CENTENNIAL,UNITEDSTATES,39.567,-104.85,1793
724673,LEADVILLE/LAKECO.,UNITEDSTATES,39.217,-106.317,3026
724674,MEEKER,UNITEDSTATES,40.033,-107.883,1948
724675,EAGLECO.REGIONAL,UNITEDSTATES,39.65,-106.917,1980.3
724676,ASPENPITKINCOSAR,UNITEDSTATES,39.217,-106.867,2444
724677,GUNNISONCO.(AWOS),UNITEDSTATES,38.533,-106.933,2339
724680,FORTCARSON/BUTTS,UNITEDSTATES,38.683,-104.767,1789.5
724684,SALIDA,UNITEDSTATES,38.517,-106.017,2186
724685,SALIDA/ALEXANDER,UNITEDSTATES,38.533,-106.05,2282
724689,BURLINGTON,UNITEDSTATES,39.25,-102.283,1285
724690,DATSAV3VIRTSTATION(UNITEDSTATES),UNITEDSTATES,52.8,173.167,0
724695,BUCKLEYANGB/DENVER,UNITEDSTATES,39.717,-104.75,1726.1
724697,FORTCOLLINS(SAWRS),UNITEDSTATES,40.583,-105.083,1525
724698,AKRON/WASHINGTONCO,UNITEDSTATES,40.167,-103.217,1421
724699,BROOMFIELD/JEFFCO,UNITEDSTATES,39.917,-105.117,1724
724700,PRICE/CARBONCOUNTY,UNITEDSTATES,39.617,-110.75,1799
724720,DATSAV3VIRTSTATION(UNITEDSTATES),UNITEDSTATES,52.8,173.167,0
724721,BLANDING,UNITEDSTATES,37.617,-109.483,1841
724750,MILFORDMUNICIPAL,UNITEDSTATES,38.417,-113.017,1536
724754,SAINTGEORGE(AWOS),UNITEDSTATES,37.083,-113.6,896
724755,CEDARCITYMUNICIPALAP,UNITEDSTATES,37.702,-113.097,1712.4
724756,BRYCECANYON,UNITEDSTATES,37.7,-112.15,2312.5
724760,GRANDJUNCTIONWALKERFIELD,UNITEDSTATES,39.134,-108.538,1474.9
724765,MONTROSECO.ARPT,UNITEDSTATES,38.5,-107.9,1755
724767,CORTEZ/MONTEZUMACO,UNITEDSTATES,37.3,-108.633,1803
724769,FORTCOLLINS(AWOS),UNITEDSTATES,40.45,-105.017,1529
724776,MOAB/CANYONLANDS,UNITEDSTATES,38.75,-109.75,1388
724796,LOGAN-CACHEAIRPORT,UNITEDSTATES,41.783,-111.85,1358
724797,MILFORDMUNICIPALAP,UNITEDSTATES,38.443,-113.028,1534.1
724800,BISHOPAIRPORT,UNITEDSTATES,37.373,-118.363,1263.4
724810,CASTLEAFB/MERCED,UNITEDSTATES,37.383,-120.567,60
724815,MERCED/MACREADYFLD,UNITEDSTATES,37.283,-120.517,47
724828,VACAVILLENUTTREE,UNITEDSTATES,38.367,-121.95,34
724830,SACRAMENTOEXECUTIVEARPT,UNITEDSTATES,38.513,-121.493,7.6
724833,MATHERFIELD,UNITEDSTATES,38.55,-121.3,29
724835,MATHERFIELD,UNITEDSTATES,38.554,-121.285,29.3
724836,MCCLELLANAFB,UNITEDSTATES,38.667,-121.4,25
724837,BEALEAFB/MARYSVILE,UNITEDSTATES,39.133,-121.433,38.1
724838,YUBACO,UNITEDSTATES,39.1,-121.567,19
724839,SACRAMENTOMETRO,UNITEDSTATES,38.7,-121.583,7
724844,TONOPAHTESTRANGE,UNITEDSTATES,37.8,-116.783,1691
724846,NLASVEGAS,UNITEDSTATES,36.217,-115.2,671
724850,DATSAV3VIRTSTATION(UNITEDSTATES),UNITEDSTATES,52.8,173.167,0
724851,DATSAV3VIRTSTATION(UNITEDSTATES),UNITEDSTATES,52.8,173.167,0
724855,TONOPAHAIRPORT,UNITEDSTATES,38.06,-117.087,1656.3
724860,ELYYELLANDFIELD,UNITEDSTATES,39.295,-114.845,1908.7
724880,RENOTAHOEINTERNATIONALAP,UNITEDSTATES,39.484,-119.771,1341.1
724885,FALLONNAAS,UNITEDSTATES,39.417,-118.7,1199.1
724915,MONTEREYPENINSULA,UNITEDSTATES,36.583,-121.85,50
724916,FRITZSCHEAAF,UNITEDSTATES,36.683,-121.767,43
724917,SALINASMUNICIPALAP,UNITEDSTATES,36.663,-121.605,23.5
724920,STOCKTONMETROPOLITANARPT,UNITEDSTATES,37.894,-121.237,8.2
724926,MODESTOCITY-COUNTYAP,UNITEDSTATES,37.626,-120.953,29.6
724927,LIVERMOREMUNICIPAL,UNITEDSTATES,37.7,-121.817,121
724930,OAKLAND,UNITEDSTATES,37.733,-122.217,1.8
724935,HAYWARDAIRTERM,UNITEDSTATES,37.667,-122.117,14
724936,CONCORDCONCORD-BUCHANANFIEL,UNITEDSTATES,37.992,-122.052,18.3
724937,PALOALTOAIRPORT,UNITEDSTATES,37.467,-122.117,2
724938,SANCARLOSAIRPORT,UNITEDSTATES,37.517,-122.25,1
724940,SANFRANCISCOINTLAP,UNITEDSTATES,37.62,-122.398,5.5
724945,SANJOSEINTLAP,UNITEDSTATES,37.362,-121.928,15.2
724946,SANJOSE/REID/HILLV,UNITEDSTATES,37.333,-121.817,41
724955,NAPACO.AIRPORT,UNITEDSTATES,38.217,-122.283,10
724956,HAMILTONAFB,UNITEDSTATES,38.067,-122.517,4
724957,SANTAROSA(AWOS),UNITEDSTATES,38.517,-122.817,38
724970,CHICOCALIFORNIAMAP,UNITEDSTATES,39.783,-121.85,69
724975,CAIRO,UNITEDSTATES,37.067,-89.217,107
724988,DANSVILLEMUNIARPT,UNITEDSTATES,42.567,-77.717,201
725015,MONTGOMERY,UNITEDSTATES,41.517,-74.267,111
725016,SHIRLEY/BROOKHAVEN,UNITEDSTATES,40.817,-72.867,25
725020,NEWARKINTERNATIONALARPT,UNITEDSTATES,40.716,-74.169,9.1
725025,TETERBOROAIRPORT,UNITEDSTATES,40.85,-74.067,3
725027,MERIDEN/MARKHAMMUN,UNITEDSTATES,41.5,-72.817,31
725029,OXFORD(AWOS),UNITEDSTATES,41.483,-73.133,222
725030,NEWYORKLAGUARDIAARPT,UNITEDSTATES,40.779,-73.881,9.4
725033,NEWYORKCENTRALPRKOBSBELV,UNITEDSTATES,40.783,-73.967,47.5
725035,ISLIPLONGISLMACARTHURAP,UNITEDSTATES,40.794,-73.102,32.9
725036,POUGHKEEPSIE,UNITEDSTATES,41.633,-73.883,47.2
725037,WHITEPLAINSWESTCHESTERCOA,UNITEDSTATES,41.067,-73.708,121
725038,NEWBURGH/STEWART,UNITEDSTATES,41.5,-74.1,177.1
725040,BRIDGEPORTSIKORSKYMEMORIAL,UNITEDSTATES,41.175,-73.146,5.2
725045,NEWHAVEN/TWEED,UNITEDSTATES,41.267,-72.883,1.8
725046,GROTON/NEWLONDON,UNITEDSTATES,41.333,-72.05,3
725054,PAWTUCKET(AWOS),UNITEDSTATES,41.917,-71.5,134
725059,HANSCOMFIELD,UNITEDSTATES,42.467,-71.283,40
725060,OTISANGB,UNITEDSTATES,41.65,-70.517,40
725061,NANTUCKETMEMORIALAP,UNITEDSTATES,41.253,-70.061,14.3
725063,NANTUCKETMEMORIAL,UNITEDSTATES,41.25,-70.067,13.7
725064,PLYMOUTHMUNICIPAL,UNITEDSTATES,41.917,-70.733,45
725065,NEWBEDFORDRGNL,UNITEDSTATES,41.667,-70.95,25
725066,MARTHASVINEYARD,UNITEDSTATES,41.4,-70.617,21
725067,BARNSTABLEMUNIBOA,UNITEDSTATES,41.667,-70.267,17
725068,TAUNTONMUNIARPT,UNITEDSTATES,41.867,-71.017,13
725069,CHATHAMMUNIARPT,UNITEDSTATES,41.683,-70,19
725070,PROVIDENCETFGREENSTATEAR,UNITEDSTATES,41.722,-71.433,18.9
725073,PROVINCETOWN(AWOS),UNITEDSTATES,42.067,-70.217,2
725075,NORTHADAMS,UNITEDSTATES,42.7,-73.167,201
725079,NEWPORT,UNITEDSTATES,41.517,-71.283,52
725080,HARTFORDBRADLEYINTLAP,UNITEDSTATES,41.938,-72.683,54.6
725084,WILLIMANTIC(ASOS),UNITEDSTATES,41.733,-72.183,76
725085,ORANGE(ASOS),UNITEDSTATES,42.567,-72.267,164
725086,DANBURYMUNICIPAL,UNITEDSTATES,41.367,-73.483,139
725087,HARTFORD/BRAINARD,UNITEDSTATES,41.733,-72.65,6.1
725088,BEVERLYMUNI,UNITEDSTATES,42.583,-70.917,34
725090,BOSTONLOGANINT'LARPT,UNITEDSTATES,42.361,-71.011,9.1
725095,WORCHESTERREGIONALARPT,UNITEDSTATES,42.267,-71.876,310
725097,SOUTHWEYMOUTHNAS,UNITEDSTATES,42.15,-70.933,49.4
725098,NORWOODMEMORIAL,UNITEDSTATES,42.183,-71.183,15
725101,READINGSPAATZFIELD,UNITEDSTATES,40.373,-75.959,107.6
725103,READING/SPAATZFLD,UNITEDSTATES,40.383,-75.967,103.9
725104,MEADVILLE,UNITEDSTATES,41.617,-80.2,427
725105,SELINSGROVE,UNITEDSTATES,40.817,-76.867,137
725107,FITCHBURG,UNITEDSTATES,42.55,-71.75,106
725109,POTTSTOWNLIMERICK,UNITEDSTATES,40.233,-75.55,89
725110,HARRISBURGCAPITALCITYARPT,UNITEDSTATES,40.217,-76.851,105.8
725111,HARRISBURGCAPITALCITYARPT,UNITEDSTATES,40.217,-76.85,107
725113,DOYLESTOWN,UNITEDSTATES,40.333,-75.117,120
725114,YORKARPT,UNITEDSTATES,39.917,-76.867,144
725115,MIDDLETOWNHARRISBURGINTLAP,UNITEDSTATES,40.194,-76.763,95.1
725116,LANCASTER,UNITEDSTATES,40.117,-76.283,126
725118,HARRISBURG/CAPITAL,UNITEDSTATES,40.217,-76.85,103.6
725119,CLEARFIELD-LAWRENCE,UNITEDSTATES,41.033,-78.4,462
725120,DATSAV3VIRTSTATION(UNITEDSTATES),UNITEDSTATES,52.8,173.167,0
725124,BUTLERCO.(AWOS),UNITEDSTATES,40.783,-79.95,380
725125,DUBOIS(AWOS),UNITEDSTATES,41.183,-78.9,552.9
725126,ALTOONABLAIRCOARPT,UNITEDSTATES,40.3,-78.317,447.8
725127,JOHNSTOWN/CAMBRIA,UNITEDSTATES,40.317,-78.833,694.9
725128,STATECOLLEGE,UNITEDSTATES,40.85,-77.85,378
725130,WILKES-BARRESCRANTONINTLAP,UNITEDSTATES,41.339,-75.727,293.2
725135,TOBYHANNA,UNITEDSTATES,41.183,-75.417,594.4
725140,WILLIAMSPORTREGIONALAP,UNITEDSTATES,41.243,-76.922,160
725145,MONTICELLO(AWOS),UNITEDSTATES,41.7,-74.8,428
725146,FULTON,UNITEDSTATES,43.35,-76.383,145
725150,BINGHAMTONEDWINALINKFIELD,UNITEDSTATES,42.208,-75.981,499.3
725155,ITHACA/TOMPKINSCO.,UNITEDSTATES,42.483,-76.45,335
725156,ELMIRA/CORNINGRGNL,UNITEDSTATES,42.167,-76.9,291.1
725157,WELLSVILLEMUNICIPA,UNITEDSTATES,42.1,-77.983,646
725165,RUTLANDSTATE,UNITEDSTATES,43.517,-72.95,246
725170,ALLENTOWNLEHIGHVALLEYINTL,UNITEDSTATES,40.651,-75.449,117.3
725180,ALBANYCOUNTYAP,UNITEDSTATES,42.748,-73.803,89
725185,GLENSFALLSAP,UNITEDSTATES,43.341,-73.61,101.5
725187,CLINTONCO,UNITEDSTATES,44.683,-73.517,116
725190,SYRACUSEHANCOCKINT'LARPT,UNITEDSTATES,43.109,-76.103,127.1
725194,PENNYAN,UNITEDSTATES,42.667,-77.05,275
725196,GRIFFISSAFB,UNITEDSTATES,43.233,-75.4,158.2
725197,UTICAONEIDACOUNTYAP,UNITEDSTATES,43.145,-72.384,226.8
725200,PITTSBURGHINTERNATIONALAP,UNITEDSTATES,40.501,-80.231,366.7
725205,PITTSBURGH/ALLEGHEN,UNITEDSTATES,40.35,-79.933,380.4
725206,PITTSBURGHNEXRAD,UNITEDSTATES,40.533,-80.217,386
725207,ARNOLDPALMERRGNL,UNITEDSTATES,40.267,-79.4,370
725208,MARIONMUNIARPT,UNITEDSTATES,40.617,-83.067,303
725210,AKRONAKRON-CANTONREGAP,UNITEDSTATES,40.918,-81.443,376.7
725214,ELYRIA/LORAINCO.,UNITEDSTATES,41.35,-82.183,242
725216,WOOSTER,UNITEDSTATES,40.867,-81.883,346
725217,HAMILTON,UNITEDSTATES,39.367,-84.517,193
725224,NEWPHILADELPHIA,UNITEDSTATES,40.467,-81.417,272
725229,NEWARK/HEATHAIRPRT,UNITEDSTATES,40.017,-82.45,269
725235,JAMESTOWN(AWOS),UNITEDSTATES,42.15,-79.267,525
725240,CLEVELANDHOPKINSINTLAP,UNITEDSTATES,41.405,-81.853,245.4
725245,BURKELAKEFRONT,UNITEDSTATES,41.517,-81.683,182
725246,MANSFIELDLAHMMUNICIPALARPT,UNITEDSTATES,40.82,-82.518,399.9
725247,CUYAHOGACO,UNITEDSTATES,41.567,-81.483,275
725250,YOUNGSTOWNREGIONALAIRPORT,UNITEDSTATES,41.254,-80.674,361.5
725254,DEFIANCEMEMORIAL,UNITEDSTATES,41.333,-84.417,219
725256,ASHTABULACOUNTYAR,UNITEDSTATES,41.767,-80.683,281
725260,ERIEINTERNATIONALAP,UNITEDSTATES,42.08,-80.183,224.6
725265,ERIE(CGS),UNITEDSTATES,42.117,-80.8,175
725266,BRADFORDREGIONALAP,UNITEDSTATES,41.803,-78.64,655.3
725267,FRANKLIN(AWOS),UNITEDSTATES,41.383,-79.867,470
725280,BUFFALONIAGARAINTLAP,UNITEDSTATES,42.941,-78.736,214.9
725287,NIAGARAFALLSINTL,UNITEDSTATES,43.1,-78.95,180.1
725290,ROCHESTERGREATERROCHESTERI,UNITEDSTATES,43.117,-77.677,169.2
725300,CHICAGOOHAREINTLAP,UNITEDSTATES,41.986,-87.914,205.4
725305,W.CHICAGO/DUPAGE,UNITEDSTATES,41.917,-88.25,231
725306,DATSAV3VIRTSTATION(UNITEDSTATES),UNITEDSTATES,52.8,173.167,0
725310,RANTOULCHANUTEAFB,UNITEDSTATES,40.3,-88.15,230.1
725314,CAHOKIA/ST.LOUIS,UNITEDSTATES,38.567,-90.15,126
725315,UNIVOFILLINOISWI,UNITEDSTATES,40.033,-88.267,236
725316,DECATUR,UNITEDSTATES,39.833,-88.867,213
725317,MATTOON/CHARLESTON,UNITEDSTATES,39.483,-88.283,220
725320,PEORIAGREATERPEORIAAP,UNITEDSTATES,40.668,-89.684,201.8
725326,STERLINGROCKFALLS,UNITEDSTATES,41.75,-89.667,197
725327,PORTERCOMUNI,UNITEDSTATES,41.45,-87,241
725330,FORTWAYNEINTLAP,UNITEDSTATES,41.006,-85.206,252.4
725335,GRISSOMARB,UNITEDSTATES,40.65,-86.15,253
725336,DELAWARECOJOHNSON,UNITEDSTATES,40.233,-85.383,293
725337,GARYCHICAGO,UNITEDSTATES,41.617,-87.4,185
725340,CHICAGO/MIDWAY,UNITEDSTATES,41.783,-87.75,186.5
725342,LAWRENCEVILLE/VIN.,UNITEDSTATES,38.767,-87.6,131
725345,JOLIETPARKDISTRIC,UNITEDSTATES,41.517,-88.183,177
725346,CHICAGO/MEIGS,UNITEDSTATES,41.867,-87.6,180.1
725347,CHICAGO/WAUKEGAN,UNITEDSTATES,42.417,-87.867,222
725348,CHICAGONEXRAD,UNITEDSTATES,41.6,-88.083,231
725349,DAVENPORTNEXRAD,UNITEDSTATES,41.617,-90.583,259
725350,SOUTHBENDMICHIANARGNLAP,UNITEDSTATES,41.707,-86.333,235.6
725354,ELKHARTMUNI,UNITEDSTATES,41.717,-86,243
725360,TOLEDOEXPRESSAIRPORT,UNITEDSTATES,41.589,-83.801,210.9
725366,FINDLAYAIRPORT,UNITEDSTATES,41.014,-83.669,247.5
725370,DETROITMETROPOLITANARPT,UNITEDSTATES,42.215,-83.349,202.4
725373,GROSSEISLEARPT,UNITEDSTATES,42.1,-83.15,176
725374,ANNARBORMUNICIPAL,UNITEDSTATES,42.217,-83.75,256
725375,DETROITCITYAIRPORT,UNITEDSTATES,42.409,-83.01,190.8
725376,DETROIT/WILLOWRUN,UNITEDSTATES,42.233,-83.533,218.2
725377,SELFRIDGEANGB,UNITEDSTATES,42.617,-82.833,176.8
725378,HOWELL,UNITEDSTATES,42.633,-83.983,293
725383,STURGIS/KIRSHMUNI,UNITEDSTATES,41.817,-85.433,282
725384,ST.CLAIRCOUNTYINT,UNITEDSTATES,42.917,-82.533,198
725390,LANSINGCAPITALCITYARPT,UNITEDSTATES,42.78,-84.579,266.4
725394,HOLLAND/TULIPCITY,UNITEDSTATES,42.75,-86.1,210
725395,JACKSONREYNOLDSFIELD,UNITEDSTATES,42.26,-84.459,310.9
725396,BATTLECREEK,UNITEDSTATES,42.3,-85.25,282.9
725404,ADRIAN,UNITEDSTATES,41.867,-84.083,244
725405,ALMA,UNITEDSTATES,43.317,-84.683,230
725406,BADAXE,UNITEDSTATES,43.783,-82.983,234
725407,GAYLORD,UNITEDSTATES,45.017,-84.683,404
725408,MANISTIQUE,UNITEDSTATES,45.967,-86.183,209
725409,HILLSDALE,UNITEDSTATES,41.917,-84.583,360
725414,COLDWATER,UNITEDSTATES,41.933,-85.05,292
725415,MARSHALLBROOKS,UNITEDSTATES,42.25,-84.95,287
725416,BIGRAPIDS,UNITEDSTATES,43.717,-85.5,302
725417,MASON,UNITEDSTATES,42.567,-84.417,280
725418,MONROE,UNITEDSTATES,41.933,-83.433,188
725424,MTPLEASANTMUNI,UNITEDSTATES,43.617,-84.733,230
725430,ROCKFORDGREATERROCKFORDAP,UNITEDSTATES,42.196,-89.093,226.5
725434,MTPOCONOMUNI,UNITEDSTATES,41.133,-75.383,584
725440,MOLINEQUADCITYINTLAP,UNITEDSTATES,41.465,-90.523,181.1
725450,CEDARRAPIDSMUNICIPALAP,UNITEDSTATES,41.884,-91.709,265.5
725453,ATLANTIC,UNITEDSTATES,41.4,-95.05,360
725455,BURLINGTONMUNICIPALAP,UNITEDSTATES,40.783,-91.125,214
725456,KEOKUKMUNI,UNITEDSTATES,40.467,-91.433,205
725457,ALGONA,UNITEDSTATES,43.083,-94.267,372
725460,DESMOINESINTLAP,UNITEDSTATES,41.538,-93.666,293.5
725461,MARSHALLTOWNMUNI,UNITEDSTATES,42.1,-92.917,296
725462,IOWACITYMUNI,UNITEDSTATES,41.633,-91.55,198.1
725465,OTTUMWAINDUSTRIALAP,UNITEDSTATES,41.107,-92.448,257.6
725466,ANKENYREGIONALARP,UNITEDSTATES,41.683,-93.55,275
725467,SHENANDOAHMUNI,UNITEDSTATES,40.75,-95.417,296
725468,CARROLL,UNITEDSTATES,42.05,-94.783,375
725469,CHARITON,UNITEDSTATES,41.033,-93.367,320
725470,DUBUQUEREGIONALAP,UNITEDSTATES,42.398,-90.704,329.2
725472,AMESMUNIARPT,UNITEDSTATES,42,-93.617,291
725473,CLINTONMUNI(AWOS),UNITEDSTATES,41.833,-90.333,216
725474,CRESTON,UNITEDSTATES,41.017,-94.367,394
725475,MONTICELLOMUNI,UNITEDSTATES,42.233,-91.167,259
725476,DECORAH,UNITEDSTATES,43.283,-91.733,353
725479,CLARINDA,UNITEDSTATES,40.717,-95.033,303
725480,WATERLOOMUNICIPALAP,UNITEDSTATES,42.554,-92.401,267.6
725484,LEMARS,UNITEDSTATES,42.783,-96.2,365
725485,MASONCITYMUNICIPALARPT,UNITEDSTATES,43.158,-93.331,373.4
725486,BOONEMUNI,UNITEDSTATES,42.05,-93.85,354
725487,MUSCATINE,UNITEDSTATES,41.367,-91.15,167
725488,OELWEN,UNITEDSTATES,42.683,-91.967,328
725489,ORANGECITY,UNITEDSTATES,42.983,-96.067,431
725496,STORMLAKE,UNITEDSTATES,42.6,-95.233,454
725497,COUNCILBLUFFS,UNITEDSTATES,41.267,-95.767,382
725499,LAMONI,UNITEDSTATES,40.617,-93.95,342
725500,OMAHAEPPLEYAIRFIELD,UNITEDSTATES,41.31,-95.899,299.3
725510,LINCOLNMUNICIPALARPT,UNITEDSTATES,40.831,-96.764,362.4
725512,YORK,UNITEDSTATES,40.9,-97.617,509
725513,AURORA,UNITEDSTATES,40.9,-98,548
725515,BEATRICEMUNICIPAL,UNITEDSTATES,40.3,-96.75,403
725520,GRANDISLANDCENTRALNEREGIO,UNITEDSTATES,40.958,-98.313,565.7
725524,ORD/SHARPFIELD,UNITEDSTATES,41.617,-98.95,631
725525,HASTINGSMUNICIPAL,UNITEDSTATES,40.6,-98.433,596
725526,KEARNEYMUNI(AWOS),UNITEDSTATES,40.733,-99,649
725527,TEKAMAH(ASOS),UNITEDSTATES,41.767,-96.167,312
725530,OMAHAWSFO,UNITEDSTATES,41.367,-96.017,399
725533,FALLSCITY/BRENNER,UNITEDSTATES,40.083,-95.6,300
725540,OFFUTTAFB/BELLEVUE,UNITEDSTATES,41.117,-95.917,319.1
725541,NEBRASKACITY,UNITEDSTATES,40.6,-95.867,354
725555,BROKENBOWMUNI,UNITEDSTATES,41.433,-99.65,776
725556,AINSWORTHMUNICIPAL,UNITEDSTATES,42.583,-100,789
725560,NORFOLKKARLSTEFANMEMARPT,UNITEDSTATES,41.981,-97.437,472.7
725564,FREMONTMUNIARPT,UNITEDSTATES,41.45,-96.517,379
725565,COLUMBUSMUNI,UNITEDSTATES,41.45,-97.333,451
725566,O`NEILL/BAKERFIELD,UNITEDSTATES,42.467,-98.683,619
725570,SIOUXCITYSIOUXGATEWAYAP,UNITEDSTATES,42.391,-96.379,336.2
725610,SIDNEYMUNI(AMOS),UNITEDSTATES,41.1,-102.983,1313.1
725620,NORTHPLATTEREGIONALAP,UNITEDSTATES,41.122,-100.668,849.5
725621,OGALLA/SEARLEFLD,UNITEDSTATES,41.117,-101.767,998
725624,LEXINGTON/JIMKELL,UNITEDSTATES,40.783,-99.767,736
725625,MCCOOKMUNICIPAL,UNITEDSTATES,40.2,-100.583,786
725626,IMPERIALMUNICIPAL,UNITEDSTATES,40.517,-101.617,997.9
725627,MULLEN/HOOKERCO.,UNITEDSTATES,42.05,-101.067,994
725628,BREWSTERFIELDARPT,UNITEDSTATES,40.45,-99.333,704
725630,SIDNEYMUNICIPALAP,UNITEDSTATES,41.101,-102.985,1312.5
725634,COZADMUNICIPAL,UNITEDSTATES,40.867,-100,762
725635,ALLIANCEMUNICIPAL,UNITEDSTATES,42.05,-102.8,1198
725636,CHADRONMUNICIPAL,UNITEDSTATES,42.833,-103.1,1011.3
725640,CHEYENNEMUNICIPALARPT,UNITEDSTATES,41.158,-104.807,1871.5
725645,LARAMIEGENERALBREESFIELD,UNITEDSTATES,41.313,-105.674,2216.5
725650,DENVERINTLAP,UNITEDSTATES,39.833,-104.658,1655.4
725660,SCOTTSBLUFFWBHEILIGFIELD,UNITEDSTATES,41.874,-103.595,1206.4
725665,KIMBALLMUNIAPT,UNITEDSTATES,41.183,-103.683,1501
725670,VALENTINEMILLERFIELD,UNITEDSTATES,42.859,-100.551,791.9
725685,DOUGLAS,UNITEDSTATES,42.75,-105.383,1464.6
725686,DOUGLAS,UNITEDSTATES,42.8,-105.383,1502
725690,CASPERNATRONACOINTLAP,UNITEDSTATES,42.898,-106.473,1612.4
725700,CRAIG-MOFFAT,UNITEDSTATES,40.5,-107.533,1915
725705,VERNAL,UNITEDSTATES,40.433,-109.517,1608
725715,HAYDEN/YAMPA(AWOS),UNITEDSTATES,40.483,-107.217,2012
725716,RIFLE(AWRS),UNITEDSTATES,39.533,-107.8,1622
725717,RIFLE/GARFIELDRGNL,UNITEDSTATES,39.533,-107.717,1691
725720,SALTLAKECITYINT'LARPT,UNITEDSTATES,40.787,-111.968,1288.4
725724,PROVOMUNI(AWOS),UNITEDSTATES,40.217,-111.717,1369
725740,ROCKSPRINGSARPT,UNITEDSTATES,41.594,-109.065,2055.9
725741,ROCKSPRINGSARPT,UNITEDSTATES,41.594,-109.065,2055.9
725744,ROCKSPRINGSARPT,UNITEDSTATES,41.594,-109.065,2055.9
725745,RAWLINSMUNICIPALAP,UNITEDSTATES,41.806,-107.2,2055.3
725750,OGDEN-HINCKLEYMUNI,UNITEDSTATES,41.2,-112.017,1362.5
725755,HILLAFB/OGDEN,UNITEDSTATES,41.117,-111.967,1459.1
725760,LANDERHUNTFIELD,UNITEDSTATES,42.817,-108.733,1694.1
725763,TORRINGTONMUNICIPA,UNITEDSTATES,42.3,-104.9,1281
725765,RIVERTONREGIONAL,UNITEDSTATES,43.067,-108.467,1663
725775,EVANSTON/BURNSFLD,UNITEDSTATES,41.283,-111.033,2183
725776,JACKSONHOLE,UNITEDSTATES,43.6,-110.733,2016
725780,POCATELLOREGIONALAP,UNITEDSTATES,42.92,-112.571,1364.9
725785,IDAHOFALLSFANNINGFIELD,UNITEDSTATES,43.516,-112.067,1446
725800,DATSAV3VIRTSTATION(UNITEDSTATES),UNITEDSTATES,52.8,173.167,0
725805,LOVELOCKDERBYFIELD,UNITEDSTATES,40.066,-118.565,1189.9
725810,WENDOVER(AUT),UNITEDSTATES,40.733,-114.033,1291.4
725816,DUGWAYPGUTAH/MICHALESAAF,UNITEDSTATES,40.183,-112.933,1326
725820,ELKORAOB,UNITEDSTATES,40.85,-115.733,1593
725825,ELKOMUNICIPALARPT,UNITEDSTATES,40.825,-115.792,1546.6
725830,WINNEMUCCAMUNICIPALARPT,UNITEDSTATES,40.902,-117.807,1314.9
725845,BLUECANYONAP,UNITEDSTATES,39.292,-120.708,1610.3
725846,TRUCKEE-TAHOE,UNITEDSTATES,39.317,-120.133,1798
725847,SOUTHLAKETAHOE,UNITEDSTATES,38.9,-120,1909
725860,GOODINGMUNICIPAL,UNITEDSTATES,42.917,-114.767,1137
725861,GOODINGMUNICIPALARPT,UNITEDSTATES,42.917,-114.767,1127.2
725864,MCCALLARPT,UNITEDSTATES,44.883,-116.1,1530
725865,HAILEY/FRIEDMANMEM,UNITEDSTATES,43.5,-114.3,1620
725866,JOSLINFLDMAGICVA,UNITEDSTATES,42.483,-114.483,1297
725867,BURLEYMUNICIPALARPT,UNITEDSTATES,42.543,-113.772,1267.1
725895,KLAMATHFALLS/KINGS,UNITEDSTATES,42.15,-121.733,1244.8
725905,UKIAHMUNI(AWOS),UNITEDSTATES,39.133,-123.2,188.7
725910,REDBLUFFMUNICIPALARPT,UNITEDSTATES,40.152,-122.254,107.6
725915,REDDINGMUNICIPALARPT,UNITEDSTATES,40.515,-122.313,153
725920,REDDINGMUNICIPALARPT,UNITEDSTATES,40.515,-122.313,153
725945,ARCATAAIRPORT,UNITEDSTATES,40.978,-124.109,64
725946,CRESCENTCITY,UNITEDSTATES,41.783,-124.233,17.1
725955,MONTAGUE/SISKIYOU,UNITEDSTATES,41.783,-122.467,803.1
725957,MOUNTSHASTA(AMOS),UNITEDSTATES,41.317,-122.317,1077.5
725958,ALTURAS,UNITEDSTATES,41.5,-120.533,1341
725959,MONTAGUE,UNITEDSTATES,41.733,-122.55,770
725970,MEDFORDROGUEVALLEYINTLAP,UNITEDSTATES,42.389,-122.871,405.1
725975,SEXTONSUMMIT,UNITEDSTATES,42.617,-123.381,1170.7
726040,FRANCONIA,UNITEDSTATES,44.217,-71.75,287
726050,CONCORDMUNICIPALARPT,UNITEDSTATES,43.195,-71.501,105.5
726055,PEASEINTLTRADEPOR,UNITEDSTATES,43.083,-70.817,31
726056,SKYHAVENARPTROCHE,UNITEDSTATES,43.267,-70.917,98
726060,PORTLANDINTLJETPORT,UNITEDSTATES,43.642,-70.304,19.2
726071,BANGORAIRPORT,UNITEDSTATES,44.808,-68.824,58.5
726083,NORTHERNAROOSTOOK,UNITEDSTATES,47.283,-68.3,309
726088,BANGORINTERNATIONALAP,UNITEDSTATES,44.808,-68.824,58.5
726114,MORRISVILLE/STONE,UNITEDSTATES,44.533,-72.617,223
726115,SPRINGFIELD/HARTNES,UNITEDSTATES,43.35,-72.517,176
726116,LEBANONMUNICIPAL,UNITEDSTATES,43.633,-72.3,182
726130,MOUNTWASHINGTON,UNITEDSTATES,44.267,-71.3,1910
726145,MONTPELIERAP,UNITEDSTATES,44.203,-72.579,341.7
726155,LACONIAMUNI(AWOS),UNITEDSTATES,43.567,-71.417,166
726160,BERLINMUNICIPAL,UNITEDSTATES,44.583,-71.183,353
726163,JAFFREYMUNICIPAL,UNITEDSTATES,42.8,-72,317
726164,WHITEFIELD,UNITEDSTATES,44.367,-71.55,327
726166,BENNINGTONMORSEAR,UNITEDSTATES,42.883,-73.233,252
726170,BURLINGTONINTERNATIONALAP,UNITEDSTATES,44.468,-73.15,103.6
726183,FRYEBURG/EASTERN,UNITEDSTATES,44.05,-70.95,137
726185,AUGUSTAAIRPORT,UNITEDSTATES,44.321,-69.797,109.7
726196,MILLINOCKETMUNI,UNITEDSTATES,45.65,-68.683,124.4
726221,MASSENAAP,UNITEDSTATES,44.936,-74.846,65.2
726223,MASSENAAP,UNITEDSTATES,44.936,-74.846,65.2
726225,PLATTSBURGHAFB,UNITEDSTATES,44.65,-73.467,71.9
726227,WATERTOWNAP,UNITEDSTATES,43.992,-76.022,101.5
726228,ADIRONDACKRGNL,UNITEDSTATES,44.383,-74.2,520
726284,SAWYERINTL,UNITEDSTATES,46.35,-87.383,382
726340,GAYLORD,UNITEDSTATES,44.9,-84.717,449
726350,GRANDRAPIDSKENTCOUNTYINT',UNITEDSTATES,42.882,-85.523,244.8
726355,BENTONHARBOR/ROSS,UNITEDSTATES,42.133,-86.433,196
726357,KALAMAZOOBATTLECR,UNITEDSTATES,42.233,-85.55,273
726360,MUSKEGONCOUNTYARPT,UNITEDSTATES,43.171,-86.237,192.9
726364,LUDINGTON/MASON,UNITEDSTATES,43.967,-86.4,197
726370,FLINTBISHOPINTLARPT,UNITEDSTATES,42.967,-83.749,233.5
726375,OAKLANDCOINTL,UNITEDSTATES,42.667,-83.417,306
726379,SAGINAWTRICITYINTLAP,UNITEDSTATES,43.533,-84.08,204.2
726380,HOUGHTONLAKEROSCOMMONCOAR,UNITEDSTATES,44.368,-84.691,353.6
726384,CADILLAC/WEXFORDCO,UNITEDSTATES,44.283,-85.417,396.2
726385,MANISTEE(AWOS),UNITEDSTATES,44.267,-86.25,189
726387,TRAVERSECITYCHERRYCAPITAL,UNITEDSTATES,44.741,-85.583,192
726390,ALPENACOUNTYREGIONALAP,UNITEDSTATES,45.072,-83.581,211.2
726391,COTTONWOODPASS,UNITEDSTATES,38.8,-106.217,2995
726394,NEWBERRYLUCECO.,UNITEDSTATES,46.317,-85.45,265
726395,WURTSMITHAFB,UNITEDSTATES,44.45,-83.4,188.1
726400,MILWAUKEEMITCHELLINTLAP,UNITEDSTATES,42.947,-87.897,211.2
726404,MINOCQUA/WOODRUFF,UNITEDSTATES,45.933,-89.733,496
726405,MILWAUKEE/TIMMERMAN,UNITEDSTATES,43.117,-88.033,224
726409,WAUKESHA,UNITEDSTATES,43.033,-88.233,284
726410,MADISONDANECOREGIONALARPT,UNITEDSTATES,43.141,-89.345,264
726413,WESTBENDMUNI,UNITEDSTATES,43.417,-88.133,270
726414,MONROEMUNICIPALAI,UNITEDSTATES,42.6,-89.583,331
726415,JANESVILLE/ROCKCO.,UNITEDSTATES,42.617,-89.033,246
726416,LONEROCKREGIONAL,UNITEDSTATES,43.217,-90.183,219.2
726417,MEDFORD,UNITEDSTATES,45.1,-90.3,448
726418,OSCEOLA,UNITEDSTATES,45.317,-92.683,275
726419,ASHLANDKENNEDYME,UNITEDSTATES,46.55,-90.917,251
726424,RACINE,UNITEDSTATES,42.767,-87.817,205
726425,SHEBOYGAN,UNITEDSTATES,43.783,-87.85,228
726426,STEVENSPOINT,UNITEDSTATES,44.55,-89.533,338
726427,SUPERIOR,UNITEDSTATES,46.683,-92.1,206
726430,LACROSSEMUNICIPALARPT,UNITEDSTATES,43.754,-91.256,199.9
726435,EAUCLAIRECOUNTYAP,UNITEDSTATES,44.865,-91.485,272.8
726436,VOLK/CAMPDOUGLAS,UNITEDSTATES,43.933,-90.267,280.1
726437,MCCOY(USA-AF),UNITEDSTATES,43.967,-90.733,256
726438,BOSCOBELAIRPORT,UNITEDSTATES,43.15,-90.667,205
726440,ROCHESTERINTERNATIONALARPT,UNITEDSTATES,43.904,-92.492,402.3
726444,PRAIRIEDUCHIEN,UNITEDSTATES,43.017,-91.117,201
726449,MERRILLMUNIARPT,UNITEDSTATES,45.183,-89.7,401
726450,GREENBAYAUSTINSTRAUBELINT,UNITEDSTATES,44.513,-88.12,214
726452,WISCONSINRAPIDS,UNITEDSTATES,44.35,-89.833,308
726455,MANITOWACMUNIAWOS,UNITEDSTATES,44.133,-87.683,198
726456,WITTMANRGNL,UNITEDSTATES,43.983,-88.55,253
726457,APPLETON/OUTAGAMIE,UNITEDSTATES,44.25,-88.517,280
726458,STURGEONBAY,UNITEDSTATES,44.85,-87.417,221
726460,WAUSAUMUNICIPALARPT,UNITEDSTATES,44.929,-89.627,364.5
726461,WAUSAUMUNICIPALARPT,UNITEDSTATES,44.929,-89.627,364.5
726463,WAUSAUMUNICIPALARPT,UNITEDSTATES,44.929,-89.627,364.5
726464,WATERTOWN,UNITEDSTATES,43.167,-88.717,254
726465,MOSINEE/CENTRALWI,UNITEDSTATES,44.783,-89.667,389
726466,APPLETONMUNIARPT,UNITEDSTATES,45.217,-96,310
726467,RICELAKEMUNICIPAL,UNITEDSTATES,45.483,-91.717,347
726468,PHILLIPS/PRICECO.,UNITEDSTATES,45.7,-90.4,449
726480,ESCANABA(AWOS),UNITEDSTATES,45.75,-87.033,187
726482,ESCANABA(AWOS),UNITEDSTATES,45.717,-87.1,186
726487,MENOMINEE(AWOS),UNITEDSTATES,45.133,-87.633,191
726498,FAIRFIELD,UNITEDSTATES,41.05,-91.983,244
726499,ESTHERVILLEMUNI,UNITEDSTATES,43.4,-94.75,401
726500,SPENCER,UNITEDSTATES,43.167,-95.15,408
726502,CLINTONVILLEMUNI,UNITEDSTATES,44.617,-88.733,251
726503,WISCONSINDELLS,UNITEDSTATES,43.517,-89.767,298
726504,EAGLERIVERUNION,UNITEDSTATES,45.933,-89.267,500
726505,KENOSHARGNL,UNITEDSTATES,42.583,-87.917,232
726506,FONDDULACCO.,UNITEDSTATES,43.767,-88.483,246
726507,MINERALPOINT,UNITEDSTATES,42.883,-90.233,359
726508,HAYWARDMUNIARPT,UNITEDSTATES,46.033,-91.45,370
726509,JUNEAU/DODGECO,UNITEDSTATES,43.433,-88.7,285
726510,SIOUXFALLSFOSSFIELD,UNITEDSTATES,43.577,-96.754,434.9
726514,CUSTER(RAMOS),UNITEDSTATES,43.733,-103.617,1707
726515,BROOKINGS(AWOS),UNITEDSTATES,44.3,-96.817,502
726516,PHILIPARPT,UNITEDSTATES,44.05,-101.6,673
726517,PINERIDGE,UNITEDSTATES,43.033,-102.517,1015
726518,WINNER,UNITEDSTATES,43.383,-99.85,622
726525,CHANGURNEYMUNI,UNITEDSTATES,42.917,-97.383,408
726540,HURONREGIONALARPT,UNITEDSTATES,44.385,-98.229,392.9
726544,ORR,UNITEDSTATES,48.017,-92.867,397
726545,MITCHELL(AWOS),UNITEDSTATES,43.767,-98.033,397
726546,WATERTOWNMUNICIPALAP,UNITEDSTATES,44.931,-97.154,530.4
726547,GLENWOOD(ASOS),UNITEDSTATES,45.65,-95.317,425
726548,WARROADINTL,UNITEDSTATES,48.933,-95.333,327
726549,COOKMUNIARPT,UNITEDSTATES,47.817,-92.7,402
726550,STCLOUDREGIONALARPT,UNITEDSTATES,45.545,-94.052,312.1
726553,MONTEVIDEO(AWOS),UNITEDSTATES,44.967,-95.717,315
726554,STJAMESMUNIARPT,UNITEDSTATES,43.983,-94.55,325
726555,BRAINERD/WIELAND,UNITEDSTATES,46.4,-94.133,374
726556,REDWOODFALLSMUNI,UNITEDSTATES,44.55,-95.083,312
726557,ALEXANDRIAMUNICIPALAP,UNITEDSTATES,45.883,-95.393,436.2
726558,CLOQUET(AWOS),UNITEDSTATES,46.7,-92.5,390
726559,MARSHALL/RYAN(AWOS),UNITEDSTATES,44.45,-95.817,359
726560,FERGUSFALLS(AWOS),UNITEDSTATES,46.283,-96.15,361
726561,WADENA,UNITEDSTATES,46.45,-95.217,418
726562,AIRLAKEARPT,UNITEDSTATES,44.617,-93.217,293
726563,FARIBAULTMUNIAWOS,UNITEDSTATES,44.333,-93.317,322
726564,REDWING,UNITEDSTATES,44.583,-92.483,239
726565,MORRISMUNI(AWOS),UNITEDSTATES,45.717,-95.967,347
726566,PIPESTONE(AWOS),UNITEDSTATES,43.983,-96.317,529
726567,NEWULMMUNI(AWOS),UNITEDSTATES,44.317,-94.5,308
726568,OWATONNA(AWOS),UNITEDSTATES,44.117,-93.25,350
726569,HUTCHINSON(AWOS),UNITEDSTATES,44.867,-94.383,323
726574,MARSHFIELDMUNI,UNITEDSTATES,44.633,-90.183,389
726575,MINNEAPOLIS/CRYSTAL,UNITEDSTATES,45.067,-93.35,265
726576,WILLMAR/RICE(AWOS),UNITEDSTATES,45.117,-95.083,345
726577,MINNEAPOLIS/BLAINE,UNITEDSTATES,45.15,-93.217,278
726578,LITTLEFALLS(AWOS),UNITEDSTATES,45.95,-94.35,342
726579,FLYINGCLOUD,UNITEDSTATES,44.817,-93.45,283
726580,MINNEAPOLIS-STPAULINT'LARP,UNITEDSTATES,44.883,-93.229,255.4
726583,LITCHFIELDMUNI,UNITEDSTATES,45.1,-94.5,347
726584,SAINTPAULDOWNTOWN,UNITEDSTATES,44.95,-93.067,219.8
726585,MANKATO(AWOS),UNITEDSTATES,44.217,-93.917,311
726586,FAIRMONTMUNI(AWOS),UNITEDSTATES,43.65,-94.417,354
726587,WORTHINGTON(AWOS),UNITEDSTATES,43.65,-95.583,480
726588,WINONAMUNI(AWOS),UNITEDSTATES,44.083,-91.7,200
726589,ALBERTLEA(AWOS),UNITEDSTATES,43.683,-93.367,383
726590,ABERDEENREGIONALARPT,UNITEDSTATES,45.45,-98.421,396.2
726593,JACKSONMUNI,UNITEDSTATES,43.65,-94.983,441
726596,DODGECENTERAIRPOR,UNITEDSTATES,44.017,-92.817,398
726603,SOUTHSTPAULMUNI,UNITEDSTATES,44.85,-93.15,250
726620,RAPIDCITYREGIONALARPT,UNITEDSTATES,44.046,-103.054,965.6
726625,ELLSWORTHAFB,UNITEDSTATES,44.15,-103.1,979.9
726626,ANTIGO/LANG(AWOS),UNITEDSTATES,45.15,-87.15,464
726650,GILLETTE/GILLETTE-C,UNITEDSTATES,44.35,-105.533,1230
726654,JOHNSONCOARPT,UNITEDSTATES,44.383,-106.717,1514
726660,SHERIDANCOUNTYARPT,UNITEDSTATES,44.774,-106.976,1209.4
726665,WORLANDMUNICIPAL,UNITEDSTATES,43.967,-107.95,1294
726667,SOUTHBIGHORNCO,UNITEDSTATES,44.5,-108.067,1199
726675,MILESCITYMUNICIPALARPT,UNITEDSTATES,46.428,-105.886,802.8
726676,GLENDIVE(AWOS),UNITEDSTATES,47.133,-104.8,749
726679,RUSHCITYRGNLARPT,UNITEDSTATES,45.683,-92.95,281
726680,MOBRIDGE,UNITEDSTATES,45.55,-100.417,522
726682,PRINCETONMUNI,UNITEDSTATES,45.55,-93.6,306
726685,MOBRIDGE,UNITEDSTATES,45.533,-100.433,508
726686,PIERREMUNICIPALAP,UNITEDSTATES,44.383,-100.286,526.1
726700,CODYMUNI(AWOS),UNITEDSTATES,44.517,-109.017,1553
726710,BIGPINEY(AMOS),UNITEDSTATES,42.567,-110.1,2124
726720,RIVERTONRAOB,UNITEDSTATES,43.067,-108.467,1699
726766,MONIDA,UNITEDSTATES,44.567,-112.317,2068
726770,BILLINGSLOGANINT'LARPT,UNITEDSTATES,45.808,-108.543,1088.1
726775,HARLOWTON,UNITEDSTATES,46.433,-109.833,1268
726776,LEWISTOWNMUNICIPALARPT,UNITEDSTATES,47.049,-109.467,1263.7
726777,BAKERMUNIARPT,UNITEDSTATES,46.333,-104.25,902
726785,BUTTEBERTMOONEYARPT,UNITEDSTATES,45.953,-112.513,1686.5
726790,DATSAV3VIRTSTATION(UNITEDSTATES),UNITEDSTATES,52.8,173.167,0
726796,DILLONAIRPORT,UNITEDSTATES,45.25,-112.55,1597.5
726797,BOZEMANGALLATINFIELD,UNITEDSTATES,45.794,-111.152,1356.1
726798,LIVINGSTONMISSIONFIELD,UNITEDSTATES,45.699,-110.448,1407.6
726810,BOISEAIRTERMINAL,UNITEDSTATES,43.565,-116.22,874.2
726813,CALDWELL(AWOS),UNITEDSTATES,43.633,-116.633,740
726815,MOUNTAINHOMEAFB,UNITEDSTATES,43.05,-115.867,912
726816,JEROME,UNITEDSTATES,42.733,-114.45,1233
726817,MULLANPASS,UNITEDSTATES,47.45,-115.667,1829
726818,REXBURG,UNITEDSTATES,43.833,-111.8,1481
726830,BURNSMUNI(AMOS),UNITEDSTATES,43.583,-118.95,1271
726835,REDMONDROBERTSFIELD,UNITEDSTATES,44.254,-121.15,940
726836,SCAPPOOSEINDUSTRIA,UNITEDSTATES,45.767,-122.85,16
726837,ONTARIOMUNICIPAL,UNITEDSTATES,44.017,-117.017,667.5
726838,BURNSMUNICIPALARPT,UNITEDSTATES,43.592,-118.954,1271
726865,SALMON/LEMHI(AWOS),UNITEDSTATES,45.117,-113.883,1233
726871,GRANGEVILLE,UNITEDSTATES,45.95,-116.133,1009
726873,GRANGEVILLE,UNITEDSTATES,45.95,-116.133,1009
726876,GRANTRGNLOGILVIE,UNITEDSTATES,44.4,-118.967,1127
726880,PENDLETONEORREGIONALAP,UNITEDSTATES,45.698,-118.834,461.5
726881,MCMINNVILLEMUNI,UNITEDSTATES,45.183,-123.133,51
726883,HERMISTNMUNIARPT,UNITEDSTATES,45.833,-119.267,195
726885,MEACHAM,UNITEDSTATES,45.511,-118.425,1135.7
726886,BAKERMUNICIPALAP,UNITEDSTATES,44.838,-117.81,1028.1
726901,ROSEBURGMUNICIPALAP,UNITEDSTATES,43.239,-123.355,155.1
726904,ROSEBURGREGARPT,UNITEDSTATES,43.233,-123.35,160
726910,DATSAV3VIRTSTATION(UNITEDSTATES),UNITEDSTATES,52.8,173.167,0
726917,NORTHBEND(AWOS),UNITEDSTATES,43.417,-124.25,1.8
726930,EUGENEMAHLONSWEETARPT,UNITEDSTATES,44.133,-123.214,113.7
726940,SALEMMCNARYFIELD,UNITEDSTATES,44.908,-122.995,61.3
726950,DATSAV3VIRTSTATION(UNITEDSTATES),UNITEDSTATES,52.8,173.167,0
726958,NEWPORTMUNICIPAL,UNITEDSTATES,44.583,-124.05,37.2
726959,AURORASTATE,UNITEDSTATES,45.25,-122.767,60
726980,PORTLANDINTERNATIONALAP,UNITEDSTATES,45.591,-122.6,32.6
726985,PORTLAND/TROUTDALE,UNITEDSTATES,45.55,-122.4,11
726986,PORTLAND/HILLSBORO,UNITEDSTATES,45.533,-122.95,62
726987,CASCADELOCKSSTATE,UNITEDSTATES,45.667,-121.883,46
726988,THEDALLESMUNICIPALARPT,UNITEDSTATES,45.619,-121.167,64
727031,HOULTONINTLARPT,UNITEDSTATES,46.133,-67.783,150
727033,HOULTONINTLARPT,UNITEDSTATES,46.117,-67.8,150
727120,CARIBOUMUNICIPALARPT,UNITEDSTATES,46.867,-68.033,190.2
727125,LORINGAFB/LIMESTON,UNITEDSTATES,46.95,-67.883,227
727130,PRESQUEISLE(AWOS),UNITEDSTATES,46.683,-68.05,163.1
727135,WISCASSET,UNITEDSTATES,43.967,-69.717,21
727340,SAULTSTEMARIESANDERSONFIE,UNITEDSTATES,46.467,-84.367,220.7
727344,CHIPPEWACOINTL,UNITEDSTATES,46.25,-84.467,250
727345,SAULTSTEMARIESANDERSONFIE,UNITEDSTATES,46.483,-84.367,218
727347,PELLSTONEMMETCOUNTYAP,UNITEDSTATES,45.571,-84.796,217.9
727370,DATSAV3VIRTSTATION(UNITEDSTATES),UNITEDSTATES,52.8,173.167,0
727410,PARKFALLSMUNI,UNITEDSTATES,45.933,-90.45,469
727415,RHINELANDERONEIDA,UNITEDSTATES,45.633,-89.467,507
727417,PRESQUEISLE/ROGERS,UNITEDSTATES,45.4,-83.817,204
727430,MARQUETTECOUNTYARPT,UNITEDSTATES,46.533,-87.55,431.3
727434,CHARLEVOIX,UNITEDSTATES,45.3,-85.267,204
727435,MACKINACKISLAND,UNITEDSTATES,45.867,-84.633,300
727436,ANTRIMCOARPT,UNITEDSTATES,44.983,-85.2,190
727437,IRONMOUNTAIN/FORD,UNITEDSTATES,45.817,-88.117,360
727440,HANCOCKHOUGHTONCOAP,UNITEDSTATES,47.169,-88.506,328.9
727444,TWOHARBORS,UNITEDSTATES,47.05,-91.75,328
727445,IRONWOOD(AWOS),UNITEDSTATES,46.533,-90.133,375
727449,MOOSELAKECOARPT,UNITEDSTATES,46.417,-92.8,328
727450,DULUTHINTERNATIONALARPT,UNITEDSTATES,46.844,-92.194,431.9
727452,CROOKSTONMUNIFLD,UNITEDSTATES,47.85,-96.617,273
727453,PARKRAPIDSMUNICIPALAP,UNITEDSTATES,46.901,-95.068,439.8
727454,GRANDMARAISMUNI,UNITEDSTATES,47.833,-90.383,548
727455,HIBBINGCHISHOLM-HIBBINGAP,UNITEDSTATES,47.387,-92.839,413.6
727456,DULUTHHARBOR(CGS),UNITEDSTATES,46.767,-92.083,186
727457,DETROITLAKES(AWOS),UNITEDSTATES,46.833,-95.883,426
727458,GRANDRAPIDS(AWOS),UNITEDSTATES,47.217,-93.517,413
727459,ELYMUNI,UNITEDSTATES,47.817,-91.833,455
727466,MADISON,UNITEDSTATES,44.983,-96.183,330
727467,FLAGISLAND,UNITEDSTATES,49.317,-94.9,328
727468,BIGFORK,UNITEDSTATES,47.783,-93.65,411
727470,INTERNATIONALFALLSINTLAP,UNITEDSTATES,48.566,-93.403,360.6
727473,CRANELAKE(AWOS),UNITEDSTATES,46.267,-92.567,350
727474,EVELETHMUNI(AWOS),UNITEDSTATES,47.4,-92.5,421
727475,MORAMUNI(AWOS),UNITEDSTATES,45.883,-93.267,309
727476,BAUDETTEINTERNATIONALAP,UNITEDSTATES,48.728,-94.61,330.4
727477,ROSEAUMUNI(AWOS),UNITEDSTATES,48.85,-95.7,323
727478,HALLOCK,UNITEDSTATES,48.783,-96.95,250
727486,WASKISHMUNIAIRPT,UNITEDSTATES,48.15,-94.517,360
727497,LONGVILLEMUNIAIRP,UNITEDSTATES,46.983,-94.183,407
727503,CAMBRIDGEMUNI,UNITEDSTATES,45.567,-93.267,287
727504,AITKINNDB(AWOS),UNITEDSTATES,46.55,-93.683,367
727505,FOSSTON(AWOS),UNITEDSTATES,47.583,-95.767,388
727506,WINDOM,UNITEDSTATES,43.917,-95.117,410
727507,BENSONMUNI,UNITEDSTATES,45.317,-95.65,317
727508,PINERIVER,UNITEDSTATES,46.717,-94.383,395
727514,STAPLES,UNITEDSTATES,46.383,-94.8,392
727515,ORTONVILLE,UNITEDSTATES,45.3,-96.417,335
727517,GLENCOEMUNI,UNITEDSTATES,44.75,-94.067,302
727530,FARGOHECTORINTERNATIONALAP,UNITEDSTATES,46.925,-96.811,274
727533,WHEATONNDB(AWOS),UNITEDSTATES,45.7,-96.5,313
727535,JAMESTOWNMUNICIPALARPT,UNITEDSTATES,46.93,-98.678,455.4
727550,BEMIDJIMUNICIPAL,UNITEDSTATES,47.5,-94.933,420
727555,THIEFRIVER(AWOS),UNITEDSTATES,48.067,-96.183,340
727556,SILVERBAY,UNITEDSTATES,47.2,-91.4,331
727566,AUSTINMUNI,UNITEDSTATES,43.667,-92.933,375
727572,DEVILSLAKE(AWOS),UNITEDSTATES,48.117,-98.9,443
727573,DEVILSLAKE(AWOS),UNITEDSTATES,48.117,-98.917,443
727575,GRANDFORKSAFB,UNITEDSTATES,47.967,-97.4,276.1
727576,GRANDFORKSINTERNATIONALAP,UNITEDSTATES,47.949,-97.176,253.6
727584,HETTINGER,UNITEDSTATES,46.017,-102.65,824
727640,BISMARCKMUNICIPALARPT,UNITEDSTATES,46.774,-100.748,506
727645,DICKINSONMUNICIPALAP,UNITEDSTATES,46.797,-102.802,787.3
727670,WILLISTONSLOULININTLAP,UNITEDSTATES,48.195,-103.642,580.6
727675,MINOTAFB,UNITEDSTATES,48.417,-101.35,497.1
727676,MINOTFAAAP,UNITEDSTATES,48.259,-101.281,522.4
727680,GLASGOWINTLARPT,UNITEDSTATES,48.214,-106.621,699.2
727685,GLASGOWAFB,UNITEDSTATES,48.417,-106.533,841
727686,WOLFPOINTINTL,UNITEDSTATES,48.1,-105.583,605
727687,SIDNEY-RICHLAND,UNITEDSTATES,47.7,-104.2,605
727720,HELENAREGIONALAIRPORT,UNITEDSTATES,46.606,-111.964,1179
727730,MISSOULAINTERNATIONALAP,UNITEDSTATES,46.921,-114.093,972
727750,GREATFALLSINTLARPT,UNITEDSTATES,47.473,-111.382,1114.7
727755,MALMSTROMAFB,UNITEDSTATES,47.517,-111.183,1056.1
727770,HAVRECITY-COUNTYAP,UNITEDSTATES,48.559,-109.78,792.2
727790,KALISPELLGLACIERPKINT'LAR,UNITEDSTATES,48.304,-114.264,906.2
727796,CUTBANKMUNIAP,UNITEDSTATES,48.608,-112.376,1169.8
727810,YAKIMAAIRTERMINAL,UNITEDSTATES,46.564,-120.534,324.9
727815,STAMPEDEPASS,UNITEDSTATES,47.293,-121.337,1209.1
727825,WENATCHEE/PANGBORN,UNITEDSTATES,47.4,-120.2,379
727826,EPHRATAAPFCWOS,UNITEDSTATES,47.304,-119.514,383.7
727827,MOSESLAKE/GRANTCO,UNITEDSTATES,47.2,-119.317,364.5
727830,LEWISTONNEZPERCECNTYAP,UNITEDSTATES,46.375,-117.014,437.7
727834,COEURD`ALENE(AWOS),UNITEDSTATES,47.767,-116.817,707
727836,MULLAN(AWRS),UNITEDSTATES,47.467,-115.8,1011
727840,HANFORD,UNITEDSTATES,46.567,-119.6,223
727845,PASCO/TRI-CITIES,UNITEDSTATES,46.267,-119.117,135.9
727846,WALLAWALLACITYCOUNTYAP,UNITEDSTATES,46.095,-118.287,367.3
727850,SPOKANEINTERNATIONALAP,UNITEDSTATES,47.621,-117.528,720.9
727854,DEERPARKARPT,UNITEDSTATES,47.967,-117.417,672
727855,FAIRCHILDAFB,UNITEDSTATES,47.617,-117.65,743.1
727856,FELTSFLD,UNITEDSTATES,47.683,-117.317,610
727857,PULLMAN/MOSCOWRGNL,UNITEDSTATES,46.75,-117.117,778
727883,ELLENSBURG/BOWERS,UNITEDSTATES,47.033,-120.533,527
727885,WILLIAMRFAIRCHILD,UNITEDSTATES,48.117,-123.5,91
727890,OMAK,UNITEDSTATES,48.417,-119.533,382
727910,ASTORIAREGIONALAIRPORT,UNITEDSTATES,46.158,-123.878,6.7
727918,PEARSONFLD,UNITEDSTATES,45.617,-122.65,8
727920,OLYMPIAAIRPORT,UNITEDSTATES,46.973,-122.903,61
727923,HOQUIAMAP,UNITEDSTATES,46.971,-123.937,4.6
727925,SHELTON/SANDERSON,UNITEDSTATES,47.233,-123.15,85
727926,TOLEDO-WINLOCKMEM,UNITEDSTATES,46.483,-122.8,113
727927,HOQUIAMAP,UNITEDSTATES,46.971,-123.937,4.6
727928,BREMERTONNATIONAL,UNITEDSTATES,47.483,-122.75,137
727930,SEATTLESEATTLE-TACOMAINTLA,UNITEDSTATES,47.461,-122.314,132.3
727934,RENTONMUNI,UNITEDSTATES,47.483,-122.217,10
727935,SEATTLE/BOEINGFLD,UNITEDSTATES,47.533,-122.3,6.1
727937,SNOHOMISHCO,UNITEDSTATES,47.9,-122.283,189
727938,TACOMANARROWS,UNITEDSTATES,47.267,-122.567,91
727970,QUILLAYUTESTATEAIRPORT,UNITEDSTATES,47.934,-124.561,62.5
727975,WHIDBEYISLANDNAS,UNITEDSTATES,48.35,-122.65,14.3
727976,BELLINGHAMINTLAP,UNITEDSTATES,48.794,-122.537,46
727985,FRIDAYHARBOR,UNITEDSTATES,48.517,-123.017,33
740001,SUSSEX,UNITEDSTATES,41.2,-74.617,128
740030,DUGWAYPROVINGGROU,UNITEDSTATES,40.167,-112.933,1325
742010,DATSAV3VIRTSTATION(UNITEDSTATES),UNITEDSTATES,52.8,173.167,0
742060,MCCHORDAFB/TACOMA,UNITEDSTATES,47.133,-122.483,88.1
742070,FORTLEWIS/GRAYAAF,UNITEDSTATES,47.083,-122.583,89.9
742071,GRAYAAF,UNITEDSTATES,47.083,-122.583,92
742077,REIDSVILLE/SHILOH,UNITEDSTATES,36.433,-79.85,211
742079,MASONCOUNTYAIRPOR,UNITEDSTATES,38.883,-82.083,196
742300,MILESCITYMUNICIPALARPT,UNITEDSTATES,46.428,-105.886,802.8
742513,DURANT,UNITEDSTATES,33.95,-96.4,213
743312,DEQUEEN,UNITEDSTATES,34.05,-94.4,107
743700,FORTDRUM/WHEELER-S,UNITEDSTATES,44.05,-75.733,207
743920,BRUNSWICKNAS,UNITEDSTATES,43.9,-69.933,22.9
743941,GRENIERAFB,UNITEDSTATES,42.933,-71.433,71
743945,MANCHESTERAIRPARK,UNITEDSTATES,42.933,-71.433,68.6
743946,NASHUA/BOIREFIELD,UNITEDSTATES,42.783,-71.517,61
743950,DATSAV3VIRTSTATION(UNITEDSTATES),UNITEDSTATES,52.8,173.167,0
744104,PITTSFIELDMUNI,UNITEDSTATES,42.417,-73.283,364
744652,HARRISBURG,UNITEDSTATES,37.817,-88.55,121
744653,SPARTA,UNITEDSTATES,38.15,-89.7,164
744655,AURORAMUNICIPAL,UNITEDSTATES,41.767,-88.467,215
744656,FAIRFIELD,UNITEDSTATES,38.417,-88.417,133
744657,CENTRALIA,UNITEDSTATES,38.517,-89.1,163
744658,FLORA,UNITEDSTATES,38.667,-88.45,144
744659,OLNEY-NOBLE,UNITEDSTATES,38.717,-88.183,147
744661,EFFINGHAM,UNITEDSTATES,39.067,-88.533,179
744662,TAYLORSVILLE,UNITEDSTATES,39.533,-89.333,190
744663,PITTSFIELD,UNITEDSTATES,39.633,-90.783,216
744665,CHICAGO/PALWAUKEE,UNITEDSTATES,42.117,-87.9,197
744672,LINCOLN,UNITEDSTATES,40.15,-89.333,178
744860,NEWYORKJFKENNEDYINT'LAR,UNITEDSTATES,40.655,-73.796,6.7
744864,REPUBLIC,UNITEDSTATES,40.717,-73.4,26
744865,WESTHAMPTONBEACH,UNITEDSTATES,40.85,-72.633,20.4
744900,DATSAV3VIRTSTATION(UNITEDSTATES),UNITEDSTATES,52.8,173.167,0
744904,LAWRENCEMUNI,UNITEDSTATES,42.717,-71.117,46
744905,FORTDEVENSAAF,UNITEDSTATES,42.567,-71.6,86.9
744910,CHICOPEE/WESTOVER,UNITEDSTATES,42.2,-72.533,75
744915,WESTFIELD/BARNES,UNITEDSTATES,42.15,-72.717,82.6
744989,DUNKIRK,UNITEDSTATES,42.5,-79.283,211
744994,SCHENECTADYAIRPORT,UNITEDSTATES,42.85,-73.933,100.9
745046,MADERA,UNITEDSTATES,36.983,-120.117,77
745048,OROVILLE,UNITEDSTATES,39.5,-121.617,57
745056,RAMONA,UNITEDSTATES,33.033,-116.917,424
745058,WATSONVILLE,UNITEDSTATES,36.933,-121.783,48
745060,ALAMEDANAS,UNITEDSTATES,34.617,-122.317,4
745090,MOFFETTFED.AIRFLD,UNITEDSTATES,37.417,-122.05,11.9
745160,TRAVISAFB/FAIRFLD,UNITEDSTATES,38.267,-121.933,18
745310,AIRFORCEACADEMY,UNITEDSTATES,38.967,-104.817,2003.1
745430,PRATTMUNICIPAL,UNITEDSTATES,37.7,-98.75,595
745431,PARSONS/TRICITY,UNITEDSTATES,37.333,-95.517,274
745700,WRIGHT-PATERSONAFB,UNITEDSTATES,39.833,-84.05,249.9
745940,ANDREWSAFB,UNITEDSTATES,38.817,-76.867,86
745946,OCEANCITYMUNIAPT,UNITEDSTATES,38.317,-75.117,4
745966,CAPEMAYCO,UNITEDSTATES,39,-74.9,7
745980,LANGLEYAFB/HAMPTON,UNITEDSTATES,37.083,-76.367,3
745985,MARTINSVILLE,UNITEDSTATES,36.633,-80.017,287
746061,VANDENBERGBOATHOU,UNITEDSTATES,34.55,-120.617,26
746120,CHINALAKENAF,UNITEDSTATES,35.683,-117.683,695.9
746710,FORTCAMPBELL(AAF),UNITEDSTATES,36.667,-87.5,173.1
746715,PADUCAHBARKLEYFIELD,UNITEDSTATES,37.056,-88.774,125.9
746716,BOWLINGGREENWARRENCOAP,UNITEDSTATES,36.981,-86.436,163.7
746925,WARRENFIELDARPT,UNITEDSTATES,35.567,-77.05,12
746929,DUPLINCOARPT,UNITEDSTATES,35,-77.967,42
746930,FORTBRAGG/SIMMONS,UNITEDSTATES,35.133,-78.933,93
746935,ASHEBOROMUNI,UNITEDSTATES,35.65,-79.883,205
746936,ERWIN/HARNETTARPT,UNITEDSTATES,35.367,-78.733,60
746939,CHAPELHILL/WILLIAM,UNITEDSTATES,35.767,-79.05,155
746940,GOLDSBORO/WAYNE,UNITEDSTATES,35.467,-77.967,41
746941,ELIZABETHCITYMUNICIPALAP,UNITEDSTATES,36.261,-76.175,4
746943,DATSAV3VIRTSTATION(UNITEDSTATES),UNITEDSTATES,52.8,173.167,0
747020,LEMOOREREEVESNAS,UNITEDSTATES,36.333,-119.95,71.3
747040,ONTARIOINTLARPT,UNITEDSTATES,34.05,-117.567,287
747185,IMPERIAL,UNITEDSTATES,32.833,-115.583,-17
747187,PALMSPRINGSTHERMALAP,UNITEDSTATES,33.628,-116.16,-36
747188,BLYTHERIVERSIDECOARPT,UNITEDSTATES,33.619,-114.717,119.5
747320,HOLLOMANAFB,UNITEDSTATES,32.85,-106.1,1248
747330,NORTHRUPLANDINGST,UNITEDSTATES,33.9,-106.4,1193
747335,SONORA,UNITEDSTATES,30.583,-100.65,652
747340,WHITESANDSMISSILE,UNITEDSTATES,32.633,-106.4,1204
747355,COMMANCHEAIRPORT,UNITEDSTATES,31.917,-98.6,423
747400,JUNCTIONKIMBLECOUNTYAP,UNITEDSTATES,30.511,-99.766,533.1
747540,ALEXANDRIAINTERNATIONAL,UNITEDSTATES,31.333,-92.55,27.1
747685,GULFPORTBILOXIINT,UNITEDSTATES,30.4,-89.067,9
747686,KEESLERAFB/BILOXI,UNITEDSTATES,30.417,-88.917,7.9
747688,PASCAGOULA,UNITEDSTATES,30.467,-88.533,5
747750,TYNDALLAFB,UNITEDSTATES,30.067,-85.583,7
747760,MARIANNA,UNITEDSTATES,30.533,-85.183,34
747770,HURLBURTFIELD(AF),UNITEDSTATES,30.433,-86.683,11.9
747804,HUNTERAAF,UNITEDSTATES,32,-81.133,13
747808,LAWRENCEVILLE,UNITEDSTATES,33.983,-83.967,323
747810,MOODYAFB/VALDOSTA,UNITEDSTATES,30.967,-83.2,71
747812,MARIETTACOBB,UNITEDSTATES,34.017,-84.6,317
747880,MACDILLAFB/TAMPA,UNITEDSTATES,27.85,-82.517,7.9
747900,SHAWAFB/SUMTER,UNITEDSTATES,33.967,-80.467,74.1
747910,MYRTLEBEACHCIV,UNITEDSTATES,33.683,-78.933,7.9
747915,NORTHMYRTLEBEACH,UNITEDSTATES,33.817,-78.717,10.1
747930,WINTERHAVEN,UNITEDSTATES,28.05,-81.75,44
747940,CAPEKENNEDY(AFS),UNITEDSTATES,28.467,-80.55,3
747945,NASASHUTTLEFCLTY,UNITEDSTATES,28.617,-80.7,3
747946,NASASHUTTLEFCLTY,UNITEDSTATES,28.617,-80.717,3
747950,PATRICKAFB/COCOAB,UNITEDSTATES,28.233,-80.6,3
749011,LAGRANGEGA/GALLOWAYAPTFAA,UNITEDSTATES,33.016,-85.066,216
749022,BELMARNJ/SIGCORPSEVANSLAB,UNITEDSTATES,40.183,-74.066,26
749044,BOCARATONFLORIDAAAF,UNITEDSTATES,26.366,-80.1,5
749045,SEBRINGFLORIDA/HENDRICKSFLD,UNITEDSTATES,27.466,-81.366,20
749056,SANMARCOSTX/EDWARDGARYAFB,UNITEDSTATES,29.883,-97.866,178
749058,SANANTONIOTEXAS/BROOKSAFB,UNITEDSTATES,29.35,-98.449,182
749068,MAXTONNC/LAURINBURGMAXTON,UNITEDSTATES,34.8,-79.366,69
749070,FREDERICKMD/CAMPDETRICK,UNITEDSTATES,39.433,-77.449,100
749072,WEEKSVILLENORTHCAROLINANAF,UNITEDSTATES,36.233,-76.133,7
749073,MONTGOMERYALABAMA/GUNTERFLD,UNITEDSTATES,32.4,-86.25,67
749074,SEYMOURINDIANA/FREEMANFLD,UNITEDSTATES,38.933,-85.916,176
749076,JEFFERSON/PROVINGGRDSAAFIN,UNITEDSTATES,38.833,-85.416,268
749082,HENDERSONVILLEAPT,UNITEDSTATES,35.433,-82.483,661
749089,TUSKEGEEALABAMAAAF,UNITEDSTATES,32.499,-85.766,76
749091,BRYANTEXASAFB,UNITEDSTATES,30.666,-96.55,84
749092,COFFEYVILLEKANSASAAF,UNITEDSTATES,37.1,-95.583,227
749097,WINFIELDKS/STROTNERFLD,UNITEDSTATES,37.166,-97.033,350
749105,HEMPSTEADNY/MITCHELAFB,UNITEDSTATES,40.733,-73.6,38
749111,HARVARDNEBRASKAAAF,UNITEDSTATES,40.65,-98.083,554
749113,ATLANTICIOWACAA,UNITEDSTATES,41.45,-95.066,353
749155,EAGLEPASSTEXASAAF,UNITEDSTATES,28.866,-100.516,70
749158,FORTSUMNERNEWMEXICOAAF,UNITEDSTATES,34.483,-104.216,1263
749159,PAMPATEXASAAF,UNITEDSTATES,35.533,-100.75,955
749160,PECOSTEXASAAF,UNITEDSTATES,31.4,-103.516,95
749161,PYOTETEXASAFB,UNITEDSTATES,31.516,-103.133,798
749163,RODEONEWMEXICOCAA,UNITEDSTATES,31.933,-108.983,1255
749164,ENGLENEWMEXICOCAA,UNITEDSTATES,33.233,-107.016,1478
749165,COLUMBUSNEWMEXICOFAA,UNITEDSTATES,31.833,-107.65,1223
749167,TUCSONARIZONA/MARANAAAF,UNITEDSTATES,32.516,-111.316,575
749170,TAFTCALIFORNIA/GARDNERFIELD,UNITEDSTATES,35.116,-119.3,133
749171,TEHACHAPICALIFORNIA,UNITEDSTATES,35.133,-118.449,1210
749205,ATKAALASKA,UNITEDSTATES,52.216,-174.2,11
749222,WISEMANALASKAWB,UNITEDSTATES,67.433,-150.216,393
749477,SANDYBEACHCALIFORNIANAS,UNITEDSTATES,33.416,-115.833,0
911170,KIPAPAFIELDHAWAII,UNITEDSTATES,21.483,-158.033,256
911620,BARKINGSANDS,UNITEDSTATES,22.025,-159.789,3.7
911650,LIHUEAIRPORT,UNITEDSTATES,21.979,-159.341,45.1
911681,WAIALUA-ON-OAHU,UNITEDSTATES,21.583,-158.117,5
911690,WAIALEEOAHU,UNITEDSTATES,21.683,-158.033,10
911700,WHEELERAFB/OAHU,UNITEDSTATES,21.483,-158.033,252.1
911760,KANEOHEBAYMCAS,UNITEDSTATES,21.451,-157.768,5.5
911780,KALAELOAARPT,UNITEDSTATES,21.317,-158.067,14.9
911800,HICKAMAFB/OAHU,UNITEDSTATES,21.333,-157.95,4
911820,HONOLULUINTLARPT,UNITEDSTATES,21.328,-157.943,4.6
911840,WAIMANALO,UNITEDSTATES,21.333,-157.717,18
911860,MOLOKAI(AMOS),UNITEDSTATES,21.15,-157.1,137
911900,KAHULUIAIRPORT,UNITEDSTATES,20.902,-156.433,15.2
911903,KAHULUIAIRPORT,UNITEDSTATES,20.902,-156.433,15.2
911904,KAPALUA,UNITEDSTATES,20.95,-156.667,80
911905,LANAI,UNITEDSTATES,20.783,-156.95,409
911975,KONAINTLATKEAHOL,UNITEDSTATES,19.733,-156.033,15
912850,HILOINTERNATIONALAP,UNITEDSTATES,19.723,-155.051,11
990170,SHIPC7L/LIMA,UNITEDSTATES,57,-20,0
990180,SHIPC7M/MIKE,UNITEDSTATES,66,2,10
990230,SHIPC7R/ROMEO,UNITEDSTATES,47,-17,0
